node,hydrostatic_stress
node_1,43584350.6
node_2,43195861.8
node_3,42957984.9
node_4,42829105.4
node_5,42774711.6
node_6,42770904.5
node_7,42800422.7
node_8,42851703.6
node_9,42916923.5
node_10,42990924.8
node_11,43070396.4
node_12,43153232.6
node_13,43238185.9
node_14,43324535.4
node_15,43411964.4
node_16,43500438.7
node_17,43590049.7
node_18,43681060.8
node_19,43773815.2
node_20,43868690.5
node_21,43966136.9
node_22,44066608.4
node_23,44170574.2
node_24,44278533.9
node_25,43010494.2
node_26,42669334.4
node_27,42499984.7
node_28,42444278.7
node_29,42457252.5
node_30,42512088.8
node_31,42590892.8
node_32,42683033.0
node_33,42781871.8
node_34,42883625.0
node_35,42986122.1
node_36,43088287.4
node_37,43189704.9
node_38,43290370.9
node_39,43390552.5
node_40,43490665.4
node_41,43591270.4
node_42,43692970.3
node_43,43796451.6
node_44,43902465.8
node_45,44011783.6
node_46,44125236.5
node_47,44243743.9
node_48,44368148.8
node_49,42160522.5
node_50,41955711.4
node_51,41923328.4
node_52,41986244.2
node_53,42096191.4
node_54,42228092.2
node_55,42367622.4
node_56,42507453.9
node_57,42643955.2
node_58,42775676.7
node_59,42902313.2
node_60,43024223.3
node_61,43142097.5
node_62,43256782.5
node_63,43369213.1
node_64,43480381.0
node_65,43591285.7
node_66,43702922.8
node_67,43816345.2
node_68,43932624.8
node_69,44052898.4
node_70,44178375.2
node_71,44310382.8
node_72,44450202.9
node_73,40983425.1
node_74,41060836.8
node_75,41251316.1
node_76,41479831.7
node_77,41713466.6
node_78,41936908.7
node_79,42144699.1
node_80,42335880.3
node_81,42511482.2
node_82,42673393.2
node_83,42823738.1
node_84,42964611.1
node_85,43097972.9
node_86,43225635.5
node_87,43349266.1
node_88,43470397.9
node_89,43590496.1
node_90,43710941.3
node_91,43833122.3
node_92,43958438.9
node_93,44088363.6
node_94,44224422.5
node_95,44368366.2
node_96,44521873.5
node_97,39564365.4
node_98,40059211.7
node_99,40542247.8
node_100,40971710.2
node_101,41343452.5
node_102,41663608.6
node_103,41940303.8
node_104,42181449.9
node_105,42394004.8
node_106,42583747.9
node_107,42755489.3
node_108,42913158.4
node_109,43060039.5
node_110,43198879.2
node_111,43332023.6
node_112,43461544.0
node_113,43589309.7
node_114,43717063.9
node_115,43846481.3
node_116,43979259.5
node_117,44117130.3
node_118,44261928.6
node_119,44415756.2
node_120,44580650.3
node_121,38020385.7
node_122,39094265.0
node_123,39897350.3
node_124,40527645.1
node_125,41030181.9
node_126,41437698.4
node_127,41774524.7
node_128,42058055.9
node_129,42301223.8
node_130,42513614.7
node_131,42702480.3
node_132,42873420.7
node_133,43030838.0
node_134,43178287.5
node_135,43318702.7
node_136,43454586.0
node_137,43588131.0
node_138,43721359.3
node_139,43856189.7
node_140,43994518.3
node_141,44138328.6
node_142,44289665.2
node_143,44450885.8
node_144,44624305.7
node_145,36882942.2
node_146,38376697.5
node_147,39439010.6
node_148,40221157.1
node_149,40818840.0
node_150,41287895.2
node_151,41666050.0
node_152,41978160.9
node_153,42241657.3
node_154,42468872.1
node_155,42668827.1
node_156,42848278.0
node_157,43012405.4
node_158,43165306.1
node_159,43310287.5
node_160,43450141.9
node_161,43587280.3
node_162,43723899.8
node_163,43862087.2
node_164,44003856.7
node_165,44151321.4
node_166,44306686.4
node_167,44472492.2
node_168,44651214.6
node_169,36437877.7
node_170,38112239.8
node_171,39271297.5
node_172,40111545.6
node_173,40744014.7
node_174,41235359.2
node_175,41628269.2
node_176,41950481.4
node_177,42221099.9
node_178,42453487.4
node_179,42657295.2
node_180,42839675.9
node_181,43006115.0
node_182,43160865.8
node_183,43307411.2
node_184,43448612.2
node_185,43586975.1
node_186,43724735.3
node_187,43864055.6
node_188,44006992.3
node_189,44155689.2
node_190,44312431.3
node_191,44479789.7
node_192,44660316.5
node_193,43390396.1
node_194,42932197.6
node_195,42841072.1
node_196,43299655.9
node_197,43076328.3
node_198,42728862.8
node_199,42583358.8
node_200,42893413.5
node_201,42636386.9
node_202,42471832.3
node_203,42801593.8
node_204,42615848.5
node_205,42450214.4
node_206,42772632.6
node_207,42641384.1
node_208,42484424.6
node_209,42785488.1
node_210,42695602.4
node_211,42551281.0
node_212,42825954.4
node_213,42767326.4
node_214,42636848.4
node_215,42884223.9
node_216,42849369.0
node_217,42732368.5
node_218,42953865.1
node_219,42937259.7
node_220,42832695.0
node_221,43030616.8
node_222,43028247.8
node_223,42934841.2
node_224,43111793.5
node_225,43120761.9
node_226,43037181.9
node_227,43195694.0
node_228,43213943.5
node_229,43138988.5
node_230,43281349.2
node_231,43307457.0
node_232,43240032.2
node_233,43368248.0
node_234,43401264.2
node_235,43340465.5
node_236,43456199.6
node_237,43495552.1
node_238,43440609.0
node_239,43545238.5
node_240,43590663.9
node_241,43540962.2
node_242,43635559.1
node_243,43687015.5
node_244,43642120.4
node_245,43727439.9
node_246,43785141.0
node_247,43744712.8
node_248,43821258.5
node_249,43885585.8
node_250,43849460.6
node_251,43917415.6
node_252,43988967.9
node_253,43957126.6
node_254,44016376.5
node_255,44095935.8
node_256,44068515.8
node_257,44118602.8
node_258,44207168.6
node_259,44184486.4
node_260,44224552.2
node_261,44323391.0
node_262,44305988.3
node_263,42310722.4
node_264,42056259.2
node_265,42582931.5
node_266,42211048.1
node_267,41937198.6
node_268,42214759.8
node_269,41954143.5
node_270,42276474.0
node_271,42040561.7
node_272,42369926.5
node_273,42161838.5
node_274,42479175.6
node_275,42297641.8
node_276,42595184.3
node_277,42437427.5
node_278,42712886.8
node_279,42575637.8
node_280,42829631.8
node_281,42709785.5
node_282,42944210.1
node_283,42838977.8
node_284,43056259.2
node_285,42963264.5
node_286,43165897.4
node_287,43083156.6
node_288,43273578.6
node_289,43199432.4
node_290,43379879.0
node_291,43312992.1
node_292,43485527.0
node_293,43424800.9
node_294,43591274.3
node_295,43535831.5
node_296,43697952.3
node_297,43647106.2
node_298,43806407.9
node_299,43759635.9
node_300,43917545.3
node_301,43874488.8
node_302,44032344.8
node_303,43992767.3
node_304,44151809.7
node_305,44115650.2
node_306,44277053.8
node_307,44244365.7
node_308,44409336.1
node_309,44380348.2
node_310,41506885.5
node_311,41018672.9
node_312,41576671.6
node_313,41586448.7
node_314,41154762.3
node_315,41732494.4
node_316,41364383.7
node_317,41904586.8
node_318,41596103.7
node_319,42082366.9
node_320,41824913.0
node_321,42256107.3
node_322,42040668.5
node_323,42421638.5
node_324,42240226.7
node_325,42577701.6
node_326,42423652.6
node_327,42724536.9
node_328,42592433.9
node_329,42863029.5
node_330,42748573.3
node_331,42994426.7
node_332,42894184.1
node_333,43120029.4
node_334,43031295.8
node_335,43241207.1
node_336,43161811.8
node_337,43359237.7
node_338,43287456.5
node_339,43475399.0
node_340,43409839.6
node_341,43590885.2
node_342,43530452.7
node_343,43706932.1
node_344,43650718.7
node_345,43824733.7
node_346,43772029.9
node_347,43945533.8
node_348,43895786.3
node_349,44070632.9
node_350,44023395.5
node_351,44201396.9
node_352,44156391.1
node_353,44339359.3
node_354,44296371.5
node_355,44486270.9
node_356,44445198.1
node_357,40557647.7
node_358,39801456.5
node_359,40258861.5
node_360,40896060.9
node_361,40298595.4
node_362,41225425.7
node_363,40756385.8
node_364,41528335.6
node_365,41157329.6
node_366,41800231.9
node_367,41503471.4
node_368,42042503.4
node_369,41801967.6
node_370,42258678.4
node_371,42060901.6
node_372,42452758.8
node_373,42287761.7
node_374,42628585.8
node_375,42488903.0
node_376,42789627.1
node_377,42669647.2
node_378,42938896.2
node_379,42834350.6
node_380,43079013.8
node_381,42986625.7
node_382,43212265.0
node_383,43129482.3
node_384,43340652.5
node_385,43265468.6
node_386,43465980.5
node_387,43396797.2
node_388,43589901.0
node_389,43525440.2
node_390,43714004.5
node_391,43653190.6
node_392,43839805.6
node_393,43781776.4
node_394,43968849.2
node_395,43912872.3
node_396,44102733.6
node_397,44048183.4
node_398,44243171.7
node_399,44189525.6
node_400,44392040.3
node_401,44338813.8
node_402,44551555.6
node_403,44498298.6
node_404,39576198.6
node_405,38576290.1
node_406,38817920.7
node_407,40219512.9
node_408,39495834.4
node_409,40749813.1
node_410,40212722.8
node_411,41186908.7
node_412,40779335.0
node_413,41550769.8
node_414,41234184.3
node_415,41857486.7
node_416,41606327.1
node_417,42119812.0
node_418,41916427.6
node_419,42347660.1
node_420,42179744.7
node_421,42548713.7
node_422,42407497.4
node_423,42729011.5
node_424,42608104.7
node_425,42893314.4
node_426,42787990.6
node_427,43045455.9
node_428,42952159.9
node_429,43188602.4
node_430,43104595.2
node_431,43325374.6
node_432,43248516.1
node_433,43458072.7
node_434,43386661.5
node_435,43588722.2
node_436,43521366.1
node_437,43719211.6
node_438,43654754.6
node_439,43851337.4
node_440,43788780.2
node_441,43986885.1
node_442,43925357.8
node_443,44127719.9
node_444,44066421.5
node_445,44275791.2
node_446,44213996.9
node_447,44433296.2
node_448,44370239.3
node_449,44602832.8
node_450,44537704.5
node_451,38737663.3
node_452,37636432.6
node_453,37450946.8
node_454,39669075.0
node_455,38912544.3
node_456,40375064.8
node_457,39831234.0
node_458,40924877.2
node_459,40521152.5
node_460,41363063.8
node_461,41053901.7
node_462,41720439.9
node_463,41477367.4
node_464,42018215.2
node_465,41822330.5
node_466,42271514.9
node_467,42110069.3
node_468,42491298.7
node_469,42355365.8
node_470,42685688.0
node_471,42568924.0
node_472,42860870.4
node_473,42758606.0
node_474,43021644.6
node_475,42930381.8
node_476,43171817.8
node_477,43088886.3
node_478,43314506.5
node_479,43237815.9
node_480,43452365.9
node_481,43380222.3
node_482,43587711.3
node_483,43518718.7
node_484,43722637.2
node_485,43655601.5
node_486,43859138.5
node_487,43792999.3
node_488,43999183.7
node_489,43932968.1
node_490,44144817.4
node_491,44077579.5
node_492,44298168.2
node_493,44229007.7
node_494,44461658.5
node_495,44389556.9
node_496,44638153.1
node_497,44561977.4
node_498,38248550.4
node_499,37286312.1
node_500,36645515.4
node_501,39356838.2
node_502,38695953.4
node_503,40167457.6
node_504,39693710.3
node_505,40781974.8
node_506,40429122.9
node_507,41261993.4
node_508,40990375.5
node_509,41647365.6
node_510,41432281.5
node_511,41964458.5
node_512,41789642.3
node_513,42231472.0
node_514,42085983.3
node_515,42461238.9
node_516,42337410.0
node_517,42663097.4
node_518,42555469.5
node_519,42844009.4
node_520,42748535.2
node_521,43009285.0
node_522,42922939.3
node_523,43163105.0
node_524,43083515.2
node_525,43308857.0
node_526,43234157.6
node_527,43449382.8
node_528,43378025.1
node_529,43587131.5
node_530,43517799.4
node_531,43724330.9
node_532,43655864.7
node_533,43863071.4
node_534,43794406.9
node_535,44005413.1
node_536,43935527.8
node_537,44153499.6
node_538,44081340.8
node_539,44309558.9
node_540,44234069.8
node_541,44476112.4
node_542,44396072.4
node_543,44656166.1
node_544,44570167.5
node_545,43497062.7
node_546,43394802.1
node_547,43397617.3
node_548,44032573.7
node_549,43371696.5
node_550,43374183.7
node_551,43666168.2
node_552,43352172.9
node_553,43949489.6
node_554,44241863.3
node_555,43337787.6
node_556,43440929.4
node_557,43862636.6
node_558,43329734.8
node_559,43444824.2
node_560,43419776.9
node_561,43328460.7
node_562,43773696.9
node_563,43226470.9
node_564,43332576.8
node_565,43927494.0
node_566,43683651.0
node_567,43332489.0
node_568,43598362.0
node_569,44216602.3
node_570,43328151.7
node_571,43592998.5
node_572,44109149.9
node_573,43329063.4
node_574,43442157.7
node_575,43501968.4
node_576,43336872.1
node_577,43040329.0
node_578,43403816.2
node_579,43351894.4
node_580,43410572.1
node_581,43909374.2
node_582,43318771.4
node_583,43487777.7
node_584,43342090.6
node_585,43133647.9
node_586,43123161.3
node_587,44186985.0
node_588,43202869.4
node_589,44000267.0
node_590,43485664.4
node_591,43509349.8
node_592,43822532.7
node_593,43475265.5
node_594,44123386.4
node_595,43276607.5
node_596,43508098.6
node_597,44093479.2
node_598,43538143.2
node_599,43502071.4
node_600,43741119.4
node_601,44222541.8
node_602,43468097.7
node_603,44174766.5
node_604,43335563.7
node_605,43549240.1
node_606,43780902.9
node_607,43919605.3
node_608,43990806.6
node_609,44014049.5
node_610,44003929.1
node_611,43970806.1
node_612,43922069.5
node_613,43862831.1
node_614,43796608.0
node_615,43725811.0
node_616,43652107.2
node_617,43576625.8
node_618,43500160.2
node_619,43423328.4
node_620,43346645.4
node_621,43270610.8
node_622,43195869.4
node_623,43290756.2
node_624,43528144.8
node_625,43687343.6
node_626,43785545.3
node_627,43837444.3
node_628,43854969.0
node_629,43847343.4
node_630,43821556.1
node_631,43782802.6
node_632,43734897.6
node_633,43680679.3
node_634,43622238.2
node_635,43561161.0
node_636,43498714.4
node_637,43435962.7
node_638,43373889.9
node_639,43313526.2
node_640,43256088.3
node_641,43125770.6
node_642,43351272.6
node_643,43514175.4
node_644,43624950.4
node_645,43693893.4
node_646,43730144.5
node_647,43741279.6
node_648,43733455.7
node_649,43711521.1
node_650,43679241.2
node_651,43639591.2
node_652,43594886.8
node_653,43547016.1
node_654,43497558.6
node_655,43447925.6
node_656,43399486.5
node_657,43353664.4
node_658,43312133.8
node_659,43031143.2
node_660,43235740.7
node_661,43391708.4
node_662,43504886.6
node_663,43581981.7
node_664,43629535.7
node_665,43653492.0
node_666,43658947.0
node_667,43650169.4
node_668,43630672.5
node_669,43603344.0
node_670,43570575.7
node_671,43534378.1
node_672,43496555.3
node_673,43458728.8
node_674,43422557.8
node_675,43389724.7
node_676,43362216.9
node_677,42987941.7
node_678,43167953.5
node_679,43311054.2
node_680,43419975.3
node_681,43498725.9
node_682,43551799.8
node_683,43583599.1
node_684,43598186.5
node_685,43599166.9
node_686,43589656.8
node_687,43572341.9
node_688,43549549.1
node_689,43523330.7
node_690,43495544.4
node_691,43467968.0
node_692,43442390.4
node_693,43420684.8
node_694,43405021.7
node_695,42981536.9
node_696,43136528.0
node_697,43263931.3
node_698,43364524.8
node_699,43440490.7
node_700,43494728.1
node_701,43530391.7
node_702,43550609.6
node_703,43558311.5
node_704,43556190.5
node_705,43546649.9
node_706,43531852.7
node_707,43513790.1
node_708,43494327.5
node_709,43475261.7
node_710,43458461.8
node_711,43445842.7
node_712,43439655.3
node_713,43001152.0
node_714,43132347.1
node_715,43243129.7
node_716,43333175.7
node_717,43403472.9
node_718,43455745.7
node_719,43492198.9
node_720,43515167.2
node_721,43526996.6
node_722,43529911.0
node_723,43526023.9
node_724,43517311.1
node_725,43505611.4
node_726,43492717.7
node_727,43480396.3
node_728,43470466.6
node_729,43464828.5
node_730,43465702.1
node_731,43038974.8
node_732,43148349.8
node_733,43242721.6
node_734,43321216.6
node_735,43384059.9
node_736,43432220.5
node_737,43467151.6
node_738,43490585.3
node_739,43504329.7
node_740,43510238.6
node_741,43510105.1
node_742,43505661.0
node_743,43498600.0
node_744,43490562.4
node_745,43483215.3
node_746,43478286.7
node_747,43477573.4
node_748,43483142.9
node_749,43089466.1
node_750,43179203.0
node_751,43257968.9
node_752,43324642.2
node_753,43379032.1
node_754,43421619.4
node_755,43453334.8
node_756,43475429.5
node_757,43489299.8
node_758,43496444.7
node_759,43498367.3
node_760,43496559.1
node_761,43492530.8
node_762,43487754.8
node_763,43483715.1
node_764,43482006.1
node_765,43484268.2
node_766,43492355.3
node_767,43148731.2
node_768,43220954.9
node_769,43285125.7
node_770,43340133.7
node_771,43385585.8
node_772,43421653.7
node_773,43448925.0
node_774,43468292.2
node_775,43480831.1
node_776,43487735.7
node_777,43490245.8
node_778,43489646.9
node_779,43487194.1
node_780,43484203.3
node_781,43481971.7
node_782,43481880.2
node_783,43485340.1
node_784,43493980.4
node_785,43214115.1
node_786,43270675.7
node_787,43321319.6
node_788,43365032.2
node_789,43401351.9
node_790,43430305.5
node_791,43452247.6
node_792,43467826.8
node_793,43477867.1
node_794,43483310.7
node_795,43485179.9
node_796,43484512.3
node_797,43482406.6
node_798,43479923.2
node_799,43478168.5
node_800,43478282.9
node_801,43481445.3
node_802,43488952.6
node_803,43283786.8
node_804,43326274.9
node_805,43364368.4
node_806,43397197.7
node_807,43424366.0
node_808,43445823.7
node_809,43461795.8
node_810,43472774.5
node_811,43479381.6
node_812,43482376.1
node_813,43482566.8
node_814,43480815.9
node_815,43477977.8
node_816,43474929.8
node_817,43472541.8
node_818,43471710.2
node_819,43473327.6
node_820,43478374.5
node_821,43356567.4
node_822,43386245.7
node_823,43412590.0
node_824,43434955.6
node_825,43453006.7
node_826,43466720.6
node_827,43476257.3
node_828,43481990.8
node_829,43484436.0
node_830,43484176.6
node_831,43481864.9
node_832,43478160.9
node_833,43473754.9
node_834,43469291.7
node_835,43465427.4
node_836,43462764.7
node_837,43461921.7
node_838,43463512.4
node_839,43431694.0
node_840,43449508.7
node_841,43464729.3
node_842,43476944.0
node_843,43485939.0
node_844,43491703.0
node_845,43494442.0
node_846,43494438.2
node_847,43492130.3
node_848,43487983.7
node_849,43482505.8
node_850,43476207.7
node_851,43469585.4
node_852,43463077.5
node_853,43457119.0
node_854,43452037.8
node_855,43448143.0
node_856,43445671.1
node_857,43508728.0
node_858,43515327.5
node_859,43519863.1
node_860,43522110.0
node_861,43522014.6
node_862,43519672.4
node_863,43515289.3
node_864,43509143.8
node_865,43501617.4
node_866,43493087.8
node_867,43483936.3
node_868,43474559.8
node_869,43465274.8
node_870,43456340.8
node_871,43447944.6
node_872,43440158.8
node_873,43432975.8
node_874,43426258.1
node_875,43587432.9
node_876,43583194.7
node_877,43577243.8
node_878,43569572.4
node_879,43560318.0
node_880,43549655.9
node_881,43537845.6
node_882,43525215.1
node_883,43512088.8
node_884,43498775.5
node_885,43485603.3
node_886,43472816.5
node_887,43460601.8
node_888,43449050.9
node_889,43438140.9
node_890,43427681.0
node_891,43417343.1
node_892,43406589.5
node_893,43667732.2
node_894,43652755.7
node_895,43636299.1
node_896,43618621.8
node_897,43599998.5
node_898,43580745.7
node_899,43561229.7
node_900,43541774.7
node_901,43522708.9
node_902,43504337.3
node_903,43486873.6
node_904,43470504.8
node_905,43455268.9
node_906,43441131.6
node_907,43427867.9
node_908,43415054.3
node_909,43402069.1
node_910,43387970.0
node_911,43749656.7
node_912,43723758.7
node_913,43696567.5
node_914,43668586.7
node_915,43640277.9
node_916,43612121.6
node_917,43584541.3
node_918,43557945.3
node_919,43532661.4
node_920,43508976.0
node_921,43487075.8
node_922,43467037.2
node_923,43448852.5
node_924,43432331.1
node_925,43417118.1
node_926,43402576.4
node_927,43387828.8
node_928,43371528.6
node_929,43833282.5
node_930,43796009.1
node_931,43757625.6
node_932,43718864.4
node_933,43680412.3
node_934,43642906.2
node_935,43606891.6
node_936,43572814.9
node_937,43541053.8
node_938,43511871.3
node_939,43485435.5
node_940,43461761.5
node_941,43440780.6
node_942,43422229.8
node_943,43405647.3
node_944,43390266.4
node_945,43374977.1
node_946,43358131.4
node_947,43918735.5
node_948,43869342.8
node_949,43819030.8
node_950,43768829.3
node_951,43719623.6
node_952,43672233.6
node_953,43627323.2
node_954,43585422.5
node_955,43546909.3
node_956,43512085.0
node_957,43481048.6
node_958,43453830.7
node_959,43430305.5
node_960,43410167.7
node_961,43392936.7
node_962,43377773.3
node_963,43363510.1
node_964,43348255.2
node_965,44006126.4
node_966,43943550.1
node_967,43880340.6
node_968,43817794.8
node_969,43757057.2
node_970,43699142.5
node_971,43644817.4
node_972,43594688.4
node_973,43549186.7
node_974,43508567.8
node_975,43472942.4
node_976,43442295.1
node_977,43416484.8
node_978,43395244.6
node_979,43378131.9
node_980,43364383.7
node_981,43352855.7
node_982,43341606.1
node_983,44095527.6
node_984,44018379.2
node_985,43940959.9
node_986,43864929.2
node_987,43791702.3
node_988,43722484.6
node_989,43658161.2
node_990,43599411.0
node_991,43546661.4
node_992,43500145.0
node_993,43459945.7
node_994,43425998.7
node_995,43398174.3
node_996,43376258.9
node_997,43359935.8
node_998,43348709.1
node_999,43341621.4
node_1000,43337062.8
node_1001,43755264.3
node_1002,43738575.0
node_1003,43371925.4
node_1004,44025802.6
node_1005,43952343.0
node_1006,43665229.8
node_1007,44170177.5
node_1008,44068397.5
node_1009,43850364.7
node_1010,44229511.3
node_1011,44116542.8
node_1012,43955360.4
node_1013,44232391.4
node_1014,44118450.2
node_1015,44002540.6
node_1016,44198787.7
node_1017,44089454.7
node_1018,44009098.1
node_1019,44142055.5
node_1020,44040046.7
node_1021,43987445.8
node_1022,44070930.5
node_1023,43977375.0
node_1024,43946498.9
node_1025,43991088.9
node_1026,43906196.6
node_1027,43892494.2
node_1028,43906097.4
node_1029,43829643.2
node_1030,43829746.2
node_1031,43818191.5
node_1032,43749774.9
node_1033,43761230.5
node_1034,43728694.9
node_1035,43667896.3
node_1036,43688980.1
node_1037,43638340.0
node_1038,43584823.6
node_1039,43614376.1
node_1040,43547489.2
node_1041,43501064.3
node_1042,43538398.7
node_1043,43456268.3
node_1044,43416954.0
node_1045,43461753.8
node_1046,43364673.6
node_1047,43332702.6
node_1048,43384983.1
node_1049,43272625.0
node_1050,43248539.0
node_1051,43308631.9
node_1052,43180053.7
node_1053,43164753.0
node_1054,43233226.8
node_1055,43087009.4
node_1056,43081844.3
node_1057,43159545.9
node_1058,43420120.2
node_1059,43124054.0
node_1060,43654670.7
node_1061,43409404.8
node_1062,43803623.2
node_1063,43607742.3
node_1064,43888298.0
node_1065,43736511.2
node_1066,43925846.1
node_1067,43811565.4
node_1068,43929519.7
node_1069,43846275.3
node_1070,43909133.9
node_1071,43851207.7
node_1072,43871856.7
node_1073,43834495.5
node_1074,43822845.5
node_1075,43802215.6
node_1076,43765777.6
node_1077,43758880.6
node_1078,43703266.1
node_1079,43707817.1
node_1080,43637184.1
node_1081,43651481.6
node_1082,43568901.1
node_1083,43591709.1
node_1084,43499450.7
node_1085,43529945.4
node_1086,43429649.4
node_1087,43467342.4
node_1088,43360263.8
node_1089,43404922.5
node_1090,43292060.9
node_1091,43343711.9
node_1092,43225967.4
node_1093,43284793.9
node_1094,43163185.1
node_1095,43229534.1
node_1096,43208187.1
node_1097,42977104.2
node_1098,43439693.5
node_1099,43238414.8
node_1100,43600814.8
node_1101,43432693.5
node_1102,43705329.9
node_1103,43569564.8
node_1104,43765743.3
node_1105,43659458.2
node_1106,43792614.0
node_1107,43712055.2
node_1108,43794361.1
node_1109,43735744.5
node_1110,43777542.1
node_1111,43737403.9
node_1112,43747184.8
node_1113,43722518.9
node_1114,43707092.3
node_1115,43695400.2
node_1116,43660152.4
node_1117,43659435.3
node_1118,43608573.9
node_1119,43617252.3
node_1120,43554096.2
node_1121,43570961.0
node_1122,43498138.4
node_1123,43522296.9
node_1124,43441944.1
node_1125,43472744.0
node_1126,43386684.4
node_1127,43423702.2
node_1128,43333602.9
node_1129,43376594.5
node_1130,43284095.8
node_1131,43332878.1
node_1132,43239982.6
node_1133,43294445.0
node_1134,43078327.2
node_1135,42902702.3
node_1136,43293479.9
node_1137,43133342.7
node_1138,43452957.2
node_1139,43313674.9
node_1140,43564952.9
node_1141,43448280.3
node_1142,43637985.2
node_1143,43543441.8
node_1144,43679878.2
node_1145,43605777.7
node_1146,43697422.0
node_1147,43641536.7
node_1148,43696231.8
node_1149,43656238.6
node_1150,43680866.2
node_1151,43654586.8
node_1152,43654975.9
node_1153,43640441.9
node_1154,43621479.0
node_1155,43617027.3
node_1156,43582737.0
node_1157,43586971.3
node_1158,43540706.6
node_1159,43552486.4
node_1160,43497058.9
node_1161,43515480.0
node_1162,43453331.0
node_1163,43477649.7
node_1164,43411022.2
node_1165,43440639.5
node_1166,43371696.5
node_1167,43406150.8
node_1168,43337150.6
node_1169,43375946.0
node_1170,43309639.0
node_1171,43352237.7
node_1172,43009433.7
node_1173,42879245.8
node_1174,43201789.9
node_1175,43077861.8
node_1176,43351368.0
node_1177,43239448.5
node_1178,43462444.3
node_1179,43365493.8
node_1180,43540374.8
node_1181,43459343.0
node_1182,43590690.6
node_1183,43525264.7
node_1184,43618564.6
node_1185,43567703.2
node_1186,43628593.4
node_1187,43590896.6
node_1188,43624687.2
node_1189,43598686.2
node_1190,43610183.7
node_1191,43594425.2
node_1192,43587856.3
node_1193,43581012.7
node_1194,43560070.0
node_1195,43560962.7
node_1196,43528862.0
node_1197,43536453.2
node_1198,43496051.8
node_1199,43509449.0
node_1200,43463344.6
node_1201,43481761.9
node_1202,43432464.6
node_1203,43455169.7
node_1204,43405201.0
node_1205,43431533.8
node_1206,43383598.3
node_1207,43412822.7
node_1208,43370163.0
node_1209,43401405.3
node_1210,42984642.0
node_1211,42890861.5
node_1212,43152183.5
node_1213,43058967.6
node_1214,43287464.1
node_1215,43200176.2
node_1216,43392246.2
node_1217,43314189.9
node_1218,43469615.9
node_1219,43402492.5
node_1220,43523273.5
node_1221,43467609.4
node_1222,43557006.8
node_1223,43512558.0
node_1224,43574405.7
node_1225,43540504.5
node_1226,43578762.1
node_1227,43554466.2
node_1228,43572937.0
node_1229,43557258.6
node_1230,43559505.5
node_1231,43551425.9
node_1232,43540710.4
node_1233,43539253.2
node_1234,43518566.1
node_1235,43522831.0
node_1236,43494937.9
node_1237,43504066.5
node_1238,43471618.7
node_1239,43484802.2
node_1240,43450412.8
node_1241,43466854.1
node_1242,43433261.9
node_1243,43452159.9
node_1244,43422313.7
node_1245,43442722.3
node_1246,43420211.8
node_1247,43441001.9
node_1248,42991272.0
node_1249,42926345.8
node_1250,43134388.0
node_1251,43066703.8
node_1252,43253490.4
node_1253,43187694.5
node_1254,43348835.0
node_1255,43288124.1
node_1256,43421978.0
node_1257,43368309.0
node_1258,43475242.6
node_1259,43429599.8
node_1260,43511306.8
node_1261,43473976.1
node_1262,43532897.9
node_1263,43503692.6
node_1264,43542663.6
node_1265,43521091.5
node_1266,43543056.5
node_1267,43528457.6
node_1268,43536346.4
node_1269,43527977.0
node_1270,43524589.5
node_1271,43521675.1
node_1272,43509712.2
node_1273,43511467.0
node_1274,43493526.5
node_1275,43499172.2
node_1276,43477832.8
node_1277,43486557.0
node_1278,43464458.5
node_1279,43475414.3
node_1280,43455341.3
node_1281,43467655.2
node_1282,43452655.8
node_1283,43465244.3
node_1284,43459030.2
node_1285,43470573.4
node_1286,43020008.1
node_1287,42977893.8
node_1288,43140308.4
node_1289,43093631.7
node_1290,43242893.2
node_1291,43195510.9
node_1292,43327182.8
node_1293,43281951.9
node_1294,43393760.7
node_1295,43352626.8
node_1296,43443985.0
node_1297,43408134.5
node_1298,43479682.9
node_1299,43449680.3
node_1300,43502880.1
node_1301,43478870.4
node_1302,43515667.0
node_1303,43497455.6
node_1304,43520076.8
node_1305,43507289.9
node_1306,43518070.2
node_1307,43510177.6
node_1308,43511489.9
node_1309,43507881.2
node_1310,43502113.3
node_1311,43502136.2
node_1312,43491645.8
node_1313,43494586.9
node_1314,43481807.7
node_1315,43486892.7
node_1316,43474369.0
node_1317,43480747.2
node_1318,43471199.0
node_1319,43477935.8
node_1320,43474407.2
node_1321,43480339.1
node_1322,43486461.6
node_1323,43490188.6
node_1324,43064174.7
node_1325,43040161.1
node_1326,43163742.1
node_1327,43134311.7
node_1328,43250316.6
node_1329,43218566.9
node_1330,43322910.3
node_1331,43291286.5
node_1332,43381538.4
node_1333,43351825.7
node_1334,43426921.8
node_1335,43400322.0
node_1336,43460247.0
node_1337,43437473.3
node_1338,43483009.3
node_1339,43464382.2
node_1340,43496814.7
node_1341,43482360.8
node_1342,43503345.5
node_1343,43492874.1
node_1344,43504234.3
node_1345,43497409.8
node_1346,43501121.5
node_1347,43497470.9
node_1348,43495567.3
node_1349,43494552.6
node_1350,43489158.6
node_1351,43490142.8
node_1352,43483463.3
node_1353,43485733.0
node_1354,43480144.5
node_1355,43482856.8
node_1356,43480922.7
node_1357,43483142.9
node_1358,43487735.7
node_1359,43488288.9
node_1360,43502853.4
node_1361,43500297.5
node_1362,43119068.1
node_1363,43109542.8
node_1364,43200054.2
node_1365,43184825.9
node_1366,43271526.3
node_1367,43253025.1
node_1368,43332366.9
node_1369,43312618.3
node_1370,43382297.5
node_1371,43362854.0
node_1372,43421634.7
node_1373,43403614.0
node_1374,43451129.9
node_1375,43435287.5
node_1376,43471855.2
node_1377,43458610.5
node_1378,43485069.3
node_1379,43474559.8
node_1380,43492095.9
node_1381,43484287.3
node_1382,43494312.3
node_1383,43488990.8
node_1384,43493110.7
node_1385,43489952.1
node_1386,43489872.0
node_1387,43488430.0
node_1388,43485977.2
node_1389,43485702.5
node_1390,43482849.1
node_1391,43483097.1
node_1392,43481937.4
node_1393,43481926.0
node_1394,43484809.9
node_1395,43483615.9
node_1396,43493152.6
node_1397,43489646.9
node_1398,43508960.7
node_1399,43501728.1
node_1400,43181400.3
node_1401,43183658.6
node_1402,43245800.0
node_1403,43242382.0
node_1404,43303203.6
node_1405,43295990.0
node_1406,43352565.8
node_1407,43343166.4
node_1408,43393463.1
node_1409,43383182.5
node_1410,43425968.2
node_1411,43415824.9
node_1412,43450584.4
node_1413,43441272.7
node_1414,43468055.7
node_1415,43460029.6
node_1416,43479347.2
node_1417,43472847.0
node_1418,43485523.2
node_1419,43480590.8
node_1420,43487709.0
node_1421,43484237.7
node_1422,43487091.1
node_1423,43484851.8
node_1424,43484806.1
node_1425,43483463.3
node_1426,43482063.3
node_1427,43481166.8
node_1428,43480072.0
node_1429,43479045.9
node_1430,43480075.8
node_1431,43478221.9
node_1432,43483390.8
node_1433,43479862.2
node_1434,43491458.9
node_1435,43485183.7
node_1436,43505897.5
node_1437,43495559.7
node_1438,43248931.9
node_1439,43260974.9
node_1440,43298465.7
node_1441,43305023.2
node_1442,43342826.8
node_1443,43345314.0
node_1444,43381107.3
node_1445,43380775.5
node_1446,43412860.9
node_1447,43410785.7
node_1448,43438060.8
node_1449,43435096.7
node_1450,43457023.6
node_1451,43453811.6
node_1452,43470298.8
node_1453,43467289.0
node_1454,43478626.3
node_1455,43476078.0
node_1456,43482849.1
node_1457,43480880.7
node_1458,43483875.3
node_1459,43482471.5
node_1460,43482673.6
node_1461,43481697.1
node_1462,43480190.3
node_1463,43479396.8
node_1464,43477428.4
node_1465,43476455.7
node_1466,43475357.1
node_1467,43473743.4
node_1468,43474998.5
node_1469,43472137.5
node_1470,43477386.5
node_1471,43472530.4
node_1472,43483657.8
node_1473,43475856.8
node_1474,43495067.6
node_1475,43483108.5
node_1476,43320163.7
node_1477,43340545.7
node_1478,43356246.9
node_1479,43371398.9
node_1480,43388465.9
node_1481,43399406.4
node_1482,43416069.0
node_1483,43423770.9
node_1484,43438686.4
node_1485,43443977.4
node_1486,43456268.3
node_1487,43459861.8
node_1488,43469024.7
node_1489,43471489.0
node_1490,43477382.7
node_1491,43479129.8
node_1492,43481910.7
node_1493,43483215.3
node_1494,43483280.2
node_1495,43484310.2
node_1496,43482215.9
node_1497,43483024.6
node_1498,43479492.2
node_1499,43480014.8
node_1500,43475875.9
node_1501,43475967.4
node_1502,43472122.2
node_1503,43471530.9
node_1504,43468986.5
node_1505,43467369.1
node_1506,43467243.2
node_1507,43464096.1
node_1508,43467632.3
node_1509,43462345.1
node_1510,43470939.6
node_1511,43462711.3
node_1512,43478035.0
node_1513,43465824.1
node_1514,43394119.3
node_1515,43421833.0
node_1516,43417865.8
node_1517,43440597.5
node_1518,43438655.9
node_1519,43457122.8
node_1520,43455944.1
node_1521,43470840.5
node_1522,43469471.0
node_1523,43481441.5
node_1524,43479209.9
node_1525,43488815.3
node_1526,43485343.9
node_1527,43493064.9
node_1528,43488216.4
node_1529,43494434.4
node_1530,43488285.1
node_1531,43493286.1
node_1532,43486076.4
node_1533,43490055.1
node_1534,43482185.4
node_1535,43485244.8
node_1536,43477191.9
node_1537,43479358.7
node_1538,43471672.1
node_1539,43472892.8
node_1540,43466194.2
node_1541,43466331.5
node_1542,43461277.0
node_1543,43460105.9
node_1544,43457405.1
node_1545,43454589.8
node_1546,43455040.0
node_1547,43450099.9
node_1548,43454593.7
node_1549,43446922.3
node_1550,43456508.6
node_1551,43445266.7
node_1552,43470207.2
node_1553,43504573.8
node_1554,43482414.2
node_1555,43512023.9
node_1556,43492298.1
node_1557,43517597.2
node_1558,43499523.2
node_1559,43520988.5
node_1560,43503974.9
node_1561,43522064.2
node_1562,43505687.7
node_1563,43520847.3
node_1564,43504863.7
node_1565,43517478.9
node_1566,43501792.9
node_1567,43512214.7
node_1568,43496875.8
node_1569,43505382.5
node_1570,43490535.7
node_1571,43497352.6
node_1572,43483223.0
node_1573,43488510.1
node_1574,43475383.8
node_1575,43479259.5
node_1576,43467433.9
node_1577,43469921.1
node_1578,43459720.6
node_1579,43460807.8
node_1580,43452533.7
node_1581,43452144.6
node_1582,43446106.0
node_1583,43444053.6
node_1584,43440567.0
node_1585,43436573.0
node_1586,43435977.9
node_1587,43429630.3
node_1588,43432304.4
node_1589,43423008.0
node_1590,43548072.8
node_1591,43588737.5
node_1592,43549263.0
node_1593,43585315.7
node_1594,43548549.7
node_1595,43580219.3
node_1596,43545848.8
node_1597,43573406.2
node_1598,43541172.0
node_1599,43564949.0
node_1600,43534664.2
node_1601,43554992.7
node_1602,43526565.6
node_1603,43543754.6
node_1604,43517185.2
node_1605,43531536.1
node_1606,43506847.4
node_1607,43518657.7
node_1608,43495937.3
node_1609,43505432.1
node_1610,43484775.5
node_1611,43492191.3
node_1612,43473693.8
node_1613,43479213.7
node_1614,43462947.8
node_1615,43466713.0
node_1616,43452701.6
node_1617,43454841.6
node_1618,43443046.6
node_1619,43443611.1
node_1620,43433929.4
node_1621,43432922.4
node_1622,43425167.1
node_1623,43422519.7
node_1624,43416435.2
node_1625,43411979.7
node_1626,43407226.6
node_1627,43400672.9
node_1628,43627586.4
node_1629,43674400.3
node_1630,43617977.1
node_1631,43660247.8
node_1632,43606777.2
node_1633,43644535.1
node_1634,43594104.8
node_1635,43627464.3
node_1636,43580154.4
node_1637,43609314.0
node_1638,43565204.6
node_1639,43590374.0
node_1640,43549541.5
node_1641,43570995.3
node_1642,43533496.9
node_1643,43551506.0
node_1644,43517398.8
node_1645,43532245.6
node_1646,43501556.4
node_1647,43513526.9
node_1648,43486236.6
node_1649,43495609.3
node_1650,43471664.4
node_1651,43478694.9
node_1652,43457946.8
node_1653,43462886.8
node_1654,43445106.5
node_1655,43448215.5
node_1656,43433013.9
node_1657,43434513.1
node_1658,43421382.9
node_1659,43421478.3
node_1660,43409717.6
node_1661,43408565.5
node_1662,43397300.7
node_1663,43395042.4
node_1664,43383129.1
node_1665,43379795.1
node_1666,43708694.5
node_1667,43761730.2
node_1668,43688259.1
node_1669,43736702.0
node_1670,43666442.9
node_1671,43710166.9
node_1672,43643608.1
node_1673,43682590.5
node_1674,43620140.1
node_1675,43654441.8
node_1676,43596443.2
node_1677,43626201.6
node_1678,43572887.4
node_1679,43598335.3
node_1680,43549858.1
node_1681,43571243.3
node_1682,43527694.7
node_1683,43545311.0
node_1684,43506660.5
node_1685,43520820.6
node_1686,43486980.4
node_1687,43498031.6
node_1688,43468776.7
node_1689,43477062.2
node_1690,43452072.1
node_1691,43457954.4
node_1692,43436744.7
node_1693,43440609.0
node_1694,43422504.4
node_1695,43424736.0
node_1696,43408836.4
node_1697,43409862.5
node_1698,43394962.3
node_1699,43395206.5
node_1700,43379772.2
node_1701,43379699.7
node_1702,43361743.9
node_1703,43361793.5
node_1704,43791469.6
node_1705,43850982.7
node_1706,43759880.1
node_1707,43814647.7
node_1708,43727104.2
node_1709,43776825.0
node_1710,43693729.4
node_1711,43738246.9
node_1712,43660350.8
node_1713,43699653.6
node_1714,43627513.9
node_1715,43661670.7
node_1716,43595718.4
node_1717,43624904.6
node_1718,43565383.9
node_1719,43589855.2
node_1720,43536861.4
node_1721,43556945.8
node_1722,43510433.2
node_1723,43526474.0
node_1724,43486259.5
node_1725,43498657.2
node_1726,43464405.1
node_1727,43473602.3
node_1728,43444828.0
node_1729,43451282.5
node_1730,43427295.7
node_1731,43431514.7
node_1732,43411392.2
node_1733,43413948.1
node_1734,43396434.8
node_1735,43397968.3
node_1736,43381412.5
node_1737,43382625.6
node_1738,43364868.2
node_1739,43366596.2
node_1740,43344718.9
node_1741,43347877.5
node_1742,43876010.9
node_1743,43942432.4
node_1744,43832679.7
node_1745,43894039.2
node_1746,43788337.7
node_1747,43844196.3
node_1748,43743854.5
node_1749,43793937.7
node_1750,43700031.3
node_1751,43744236.0
node_1752,43657585.1
node_1753,43695941.9
node_1754,43617118.8
node_1755,43649791.7
node_1756,43579124.5
node_1757,43606376.6
node_1758,43543991.1
node_1759,43566177.4
node_1760,43511985.8
node_1761,43529502.9
node_1762,43483245.8
node_1763,43496570.6
node_1764,43457809.4
node_1765,43467449.2
node_1766,43435554.5
node_1767,43442073.8
node_1768,43416214.0
node_1769,43420253.8
node_1770,43399311.1
node_1771,43401561.7
node_1772,43384048.5
node_1773,43385379.8
node_1774,43369266.5
node_1775,43370647.4
node_1776,43353233.3
node_1777,43355938.0
node_1778,43333377.8
node_1779,43338878.6
node_1780,43962429.0
node_1781,44036365.5
node_1782,43906456.0
node_1783,43974842.1
node_1784,43849693.3
node_1785,43911953.0
node_1786,43793312.1
node_1787,43849071.5
node_1788,43738342.3
node_1789,43787433.6
node_1790,43685688.0
node_1791,43728111.3
node_1792,43636070.3
node_1793,43671985.6
node_1794,43590053.6
node_1795,43619762.4
node_1796,43548053.7
node_1797,43571945.2
node_1798,43510326.4
node_1799,43528884.9
node_1800,43477001.2
node_1801,43490760.8
node_1802,43448066.7
node_1803,43457626.3
node_1804,43423397.1
node_1805,43429393.8
node_1806,43402717.6
node_1807,43405880.0
node_1808,43385543.8
node_1809,43386703.5
node_1810,43371097.6
node_1811,43371276.9
node_1812,43358192.4
node_1813,43358619.7
node_1814,43345012.7
node_1815,43347290.0
node_1816,43328670.5
node_1817,43334949.5
node_1818,44050830.8
node_1819,44133049.0
node_1820,43980976.1
node_1821,44056964.9
node_1822,43910667.4
node_1823,43979682.9
node_1824,43841373.4
node_1825,43902961.7
node_1826,43774402.6
node_1827,43828334.8
node_1828,43710830.7
node_1829,43757114.4
node_1830,43651512.1
node_1831,43690334.3
node_1832,43597068.8
node_1833,43628807.1
node_1834,43547946.9
node_1835,43573051.5
node_1836,43504379.3
node_1837,43523426.1
node_1838,43466457.4
node_1839,43480052.9
node_1840,43434158.3
node_1841,43442985.5
node_1842,43407344.8
node_1843,43412097.9
node_1844,43385776.5
node_1845,43387229.9
node_1846,43369064.3
node_1847,43368122.1
node_1848,43356594.1
node_1849,43354351.0
node_1850,43347290.0
node_1851,43345230.1
node_1852,43339302.1
node_1853,43339305.9
node_1854,43330192.6
node_1855,43334743.5
node_1856,44141262.1
node_1857,44232734.7
node_1858,44055923.5
node_1859,44140201.6
node_1860,43970584.9
node_1861,44046783.4
node_1862,43887111.7
node_1863,43954696.7
node_1864,43807079.3
node_1865,43865799.0
node_1866,43731754.3
node_1867,43781654.4
node_1868,43662113.2
node_1869,43703464.5
node_1870,43598838.8
node_1871,43632087.7
node_1872,43542358.4
node_1873,43568084.7
node_1874,43492862.7
node_1875,43511741.6
node_1876,43450389.9
node_1877,43463146.2
node_1878,43414863.6
node_1879,43422229.8
node_1880,43386135.1
node_1881,43388855.0
node_1882,43364025.1
node_1883,43362869.3
node_1884,43348350.5
node_1885,43344188.7
node_1886,43338806.2
node_1887,43332687.4
node_1888,43334816.0
node_1889,43328273.8
node_1890,43334705.4
node_1891,43330032.3
node_1892,43335228.0
node_1893,43335197.4
node_1894,42877471.9
node_1895,46098857.9
node_1896,47413047.8
node_1897,45195537.6
node_1898,42805831.9
node_1899,42852825.2
node_1900,45570198.1
node_1901,42700099.9
node_1902,43029560.1
node_1903,46629947.7
node_1904,43514617.9
node_1905,48491172.8
node_1906,45021938.3
node_1907,44395114.9
node_1908,44885814.7
node_1909,48728355.4
node_1910,49637832.6
node_1911,43196193.7
node_1912,46035106.7
node_1913,44623168.9
node_1914,44192398.1
node_1915,42671703.3
node_1916,47427227.0
node_1917,43836544.0
node_1918,42956924.4
node_1919,42745639.8
node_1920,43356720.0
node_1921,43673374.2
node_1922,42662063.6
node_1923,50040134.4
node_1924,44178806.3
node_1925,44008049.0
node_1926,43071266.2
node_1927,43182422.6
node_1928,43291088.1
node_1929,43398075.1
node_1930,43504112.2
node_1931,43609905.2
node_1932,43716079.7
node_1933,43823112.5
node_1934,43931297.3
node_1935,44040596.0
node_1936,44150436.4
node_1937,44259361.3
node_1938,44364444.7
node_1939,44460514.1
node_1940,44538265.2
node_1941,44582801.8
node_1942,44568206.8
node_1943,44453701.0
node_1944,43012111.7
node_1945,43140815.7
node_1946,43265090.9
node_1947,43386508.9
node_1948,43506492.6
node_1949,43626426.7
node_1950,43747612.0
node_1951,43871326.4
node_1952,43998767.9
node_1953,44131031.0
node_1954,44268978.1
node_1955,44412994.4
node_1956,44562572.5
node_1957,44715587.6
node_1958,44866489.4
node_1959,45005046.8
node_1960,45107257.8
node_1961,45141780.9
node_1962,42958961.5
node_1963,43103569.0
node_1964,43241924.3
node_1965,43376346.6
node_1966,43508922.6
node_1967,43641685.5
node_1968,43776626.6
node_1969,43915809.6
node_1970,44061412.8
node_1971,44215747.8
node_1972,44381347.7
node_1973,44560825.3
node_1974,44756862.6
node_1975,44971630.1
node_1976,45206207.3
node_1977,45457778.9
node_1978,45717445.4
node_1979,45959323.9
node_1980,42914447.8
node_1981,43072471.6
node_1982,43222663.9
node_1983,43368007.7
node_1984,43511177.1
node_1985,43654777.5
node_1986,43801433.6
node_1987,43953945.2
node_1988,44115383.1
node_1989,44289299.0
node_1990,44479881.3
node_1991,44692146.3
node_1992,44932296.8
node_1993,45207634.0
node_1994,45527568.8
node_1995,45900646.2
node_1996,46341270.4
node_1997,46838123.3
node_1998,42880844.1
node_1999,43049045.6
node_2000,43208198.5
node_2001,43361812.6
node_2002,43513008.1
node_2003,43664848.3
node_2004,43820472.7
node_2005,43983257.3
node_2006,44157051.1
node_2007,44346420.3
node_2008,44557014.5
node_2009,44796005.2
node_2010,45072803.5
node_2011,45399944.3
node_2012,45794624.3
node_2013,46280460.4
node_2014,46890308.4
node_2015,47672645.6
node_2016,42859928.1
node_2017,43034496.3
node_2018,43199237.8
node_2019,43358009.3
node_2020,43514202.1
node_2021,43671203.6
node_2022,43832454.7
node_2023,44001735.7
node_2024,44183387.8
node_2025,44382679.0
node_2026,44606239.3
node_2027,44862770.1
node_2028,45163944.2
node_2029,45526157.4
node_2030,45972557.1
node_2031,46538284.3
node_2032,47274848.9
node_2033,48269111.6
node_2034,43102462.8
node_2035,43014068.6
node_2036,42998626.7
node_2037,43204441.1
node_2038,43126846.3
node_2039,43304927.8
node_2040,43236755.4
node_2041,43404323.6
node_2042,43344589.2
node_2043,43503040.3
node_2044,43451099.4
node_2045,43601463.3
node_2046,43557014.5
node_2047,43699871.1
node_2048,43663002.0
node_2049,43798412.3
node_2050,43769607.5
node_2051,43896984.1
node_2052,43877224.0
node_2053,43995067.6
node_2054,43985977.2
node_2055,44091541.3
node_2056,44095558.2
node_2057,44184310.9
node_2058,44204959.9
node_2059,44269702.9
node_2060,44312015.5
node_2061,44341663.4
node_2062,44412612.9
node_2063,44390319.8
node_2064,44499694.8
node_2065,44399951.9
node_2066,44560764.3
node_2067,44346424.1
node_2068,44576194.8
node_2069,44191772.5
node_2070,44511943.8
node_2071,43880626.7
node_2072,44316566.5
node_2073,43041698.5
node_2074,42944740.3
node_2075,42917060.9
node_2076,43161621.1
node_2077,43076484.7
node_2078,43278099.1
node_2079,43202953.3
node_2080,43392295.8
node_2081,43325809.5
node_2082,43505310.1
node_2083,43446502.7
node_2084,43618175.5
node_2085,43566463.5
node_2086,43731857.3
node_2087,43687023.2
node_2088,43847225.2
node_2089,43809478.8
node_2090,43965045.9
node_2091,43935058.6
node_2092,44085838.3
node_2093,44064922.3
node_2094,44209735.9
node_2095,44200031.3
node_2096,44336231.2
node_2097,44341033.9
node_2098,44463604.0
node_2099,44487880.7
node_2100,44588192.0
node_2101,44639202.1
node_2102,44702671.1
node_2103,44791366.6
node_2104,44794269.6
node_2105,44935939.8
node_2106,44838909.1
node_2107,45057788.8
node_2108,44796745.3
node_2109,45122901.9
node_2110,44599834.4
node_2111,45086891.2
node_2112,42985561.4
node_2113,42882312.8
node_2114,42841400.1
node_2115,43122196.2
node_2116,43031299.6
node_2117,43253517.2
node_2118,43172752.4
node_2119,43381439.2
node_2120,43309150.7
node_2121,43507709.5
node_2122,43442642.2
node_2123,43634056.1
node_2124,43575313.6
node_2125,43762123.1
node_2126,43709156.0
node_2127,43893569.9
node_2128,43846214.3
node_2129,44030094.1
node_2130,43988609.3
node_2131,44173397.1
node_2132,44138576.5
node_2133,44325168.6
node_2134,44298549.7
node_2135,44486946.1
node_2136,44471103.7
node_2137,44659774.8
node_2138,44658878.3
node_2139,44843719.5
node_2140,44864368.4
node_2141,45036544.8
node_2142,45089038.8
node_2143,45231926.0
node_2144,45332519.5
node_2145,45412960.1
node_2146,45588119.5
node_2147,45553173.1
node_2148,45839550.0
node_2149,45580246.0
node_2150,46043754.6
node_2151,42936740.9
node_2152,42829933.2
node_2153,42775371.6
node_2154,43088031.8
node_2155,42993503.6
node_2156,43232307.4
node_2157,43147563.9
node_2158,43372188.6
node_2159,43295352.9
node_2160,43510055.5
node_2161,43439594.3
node_2162,43648231.5
node_2163,43582977.3
node_2164,43789032.0
node_2165,43728099.8
node_2166,43934871.7
node_2167,43877677.9
node_2168,44088386.5
node_2169,44034648.9
node_2170,44252510.1
node_2171,44202327.7
node_2172,44430599.2
node_2173,44384567.3
node_2174,44626480.1
node_2175,44585990.9
node_2176,44844566.3
node_2177,44812168.1
node_2178,45089660.6
node_2179,45069999.7
node_2180,45366928.1
node_2181,45367443.1
node_2182,45679573.1
node_2183,45714759.8
node_2184,46029731.8
node_2185,46119674.7
node_2186,46401458.7
node_2187,46596675.9
node_2188,46757427.2
node_2189,47116764.1
node_2190,42897686.0
node_2191,42790336.6
node_2192,42722400.7
node_2193,43060771.9
node_2194,42964992.5
node_2195,43215450.3
node_2196,43128627.8
node_2197,43364921.6
node_2198,43285018.9
node_2199,43512096.4
node_2200,43437404.6
node_2201,43659816.7
node_2202,43588928.2
node_2203,43810943.6
node_2204,43742656.7
node_2205,43968593.6
node_2206,43901847.8
node_2207,44136196.1
node_2208,44070129.4
node_2209,44317832.9
node_2210,44251693.7
node_2211,44518402.1
node_2212,44451664.0
node_2213,44744018.6
node_2214,44676433.6
node_2215,45002460.5
node_2216,44934291.8
node_2217,45303691.9
node_2218,45236225.1
node_2219,45660907.7
node_2220,45597034.5
node_2221,46090545.7
node_2222,46037220.0
node_2223,46615440.4
node_2224,46585289.0
node_2225,47256191.3
node_2226,47279567.7
node_2227,48057552.3
node_2228,48183040.6
node_2229,42870433.8
node_2230,42765670.8
node_2231,42685367.6
node_2232,43041786.2
node_2233,42947265.6
node_2234,43203735.4
node_2235,43116863.3
node_2236,43359912.9
node_2237,43278636.9
node_2238,43513610.8
node_2239,43436096.2
node_2240,43668022.2
node_2241,43592697.1
node_2242,43826458.0
node_2243,43751815.8
node_2244,43992485.0
node_2245,43917068.5
node_2246,44170192.7
node_2247,44092525.5
node_2248,44364505.8
node_2249,44282981.9
node_2250,44581562.0
node_2251,44494381.0
node_2252,44829288.5
node_2253,44734382.6
node_2254,45118221.3
node_2255,45013187.4
node_2256,45462814.3
node_2257,45344741.8
node_2258,45883209.2
node_2259,45748985.3
node_2260,46408763.9
node_2261,46254516.6
node_2262,47081592.6
node_2263,46905628.2
node_2264,47969375.6
node_2265,47769367.2
node_2266,49158039.1
node_2267,48957832.3
node_2268,42856433.9
node_2269,42757297.5
node_2270,42666320.8
node_2271,43032032.0
node_2272,42941253.7
node_2273,43197734.8
node_2274,43112876.9
node_2275,43357368.5
node_2276,43276474.0
node_2277,43514411.9
node_2278,43435665.1
node_2279,43672287.0
node_2280,43593990.3
node_2281,43834487.9
node_2282,43754947.7
node_2283,44004871.4
node_2284,43922275.5
node_2285,44187862.4
node_2286,44100193.0
node_2287,44388839.7
node_2288,44293705.0
node_2289,44614631.7
node_2290,44509056.1
node_2291,44874160.8
node_2292,44754360.2
node_2293,45179550.2
node_2294,45040496.8
node_2295,45547832.5
node_2296,45382495.9
node_2297,46003356.9
node_2298,45802230.8
node_2299,46583011.6
node_2300,46331279.8
node_2301,47342601.8
node_2302,47020649.0
node_2303,48375713.3
node_2304,47946258.5
node_2305,49873092.7
node_2306,49254959.1
node_2307,-11655925.8
node_2308,-43635669.7
node_2309,-42933532.7
node_2310,7057493.21
node_2311,33896709.4
node_2312,-36110115.1
node_2313,-45294910.4
node_2314,123239510.0
node_2315,-22496650.7
node_2316,-4441438.2
node_2317,6786149.98
node_2318,-5769723.89
node_2319,50091297.1
node_2320,32340416.0
node_2321,-33986526.5
node_2322,59116272.0
node_2323,23858203.9
node_2324,26021255.5
node_2325,16191179.3
node_2326,67324195.9
node_2327,36902835.8
node_2328,87520065.3
node_2329,75605651.9
node_2330,119530235.0
node_2331,51083690.6
node_2332,-41952663.4
node_2333,23214111.3
node_2334,63163433.1
node_2335,54461193.1
node_2336,118772194.0
node_2337,55201122.3
node_2338,79714813.2
node_2339,45671299.0
node_2340,53633213.0
node_2341,52260715.5
node_2342,-13516081.8
node_2343,-8112587.93
node_2344,15344280.2
node_2345,-44169193.3
node_2346,107649933.0
node_2347,83674690.2
node_2348,-40291938.8
node_2349,71272628.8
node_2350,-37793159.5
node_2351,11830904.0
node_2352,101791084.0
node_2353,113784966.0
node_2354,32540485.4
node_2355,11400447.8
node_2356,41281265.3
node_2357,-18226966.9
node_2358,-718890.869
node_2359,98437156.7
node_2360,-29495607.4
node_2361,91218154.9
node_2362,-31765575.4
node_2363,-21314867.0
node_2364,111020378.0
node_2365,92908020.0
node_2366,100577362.0
node_2367,116338593.0
node_2368,30531440.7
node_2369,129390228.0
node_2370,-39531204.2
node_2371,28442997.0
node_2372,80531272.9
node_2373,105123734.0
node_2374,132075226.0
node_2375,35209720.6
node_2376,67549232.5
node_2377,126439354.0
node_2378,124658463.0
node_2379,130691513.0
node_2380,19955127.7
node_2381,3409635.78
node_2382,64325996.4
node_2383,131148819.0
node_2384,-26807231.9
node_2385,94891944.9
node_2386,129379333.0
node_2387,120705444.0
node_2388,-24251588.8
node_2389,965261.108
node_2390,28182441.7
node_2391,-14631353.4
node_2392,19620027.5
node_2393,61534572.6
node_2394,75574081.4
node_2395,109596306.0
node_2396,86267158.5
node_2397,71801742.6
node_2398,127292435.0
node_2399,130573196.0
node_2400,58849742.9
node_2401,57018707.3
node_2402,-44199161.5
node_2403,-33024883.3
node_2404,79679084.8
node_2405,82906395.0
node_2406,24583543.8
node_2407,69959457.4
node_2408,-19868843.1
node_2409,123082726.0
node_2410,-37493145.0
node_2411,74822151.2
node_2412,70665512.1
node_2413,67034256.0
node_2414,20128732.7
node_2415,63874282.8
node_2416,23317356.1
node_2417,61110740.7
node_2418,26070270.5
node_2419,58695869.4
node_2420,28488899.2
node_2421,56600624.1
node_2422,30633632.7
node_2423,54801231.4
node_2424,32543060.3
node_2425,53253578.2
node_2426,111889175.0
node_2427,104844627.0
node_2428,116709763.0
node_2429,-30663326.3
node_2430,-32773521.4
node_2431,-27429983.1
node_2432,32923122.4
node_2433,20525228.5
node_2434,60722194.7
node_2435,54168182.4
node_2436,93325775.1
node_2437,-6008208.27
node_2438,65712997.4
node_2439,14145206.5
node_2440,41207046.5
node_2441,6368571.76
node_2442,-2588874.1
node_2443,72705024.7
node_2444,45404972.1
node_2445,89831321.7
node_2446,-38682731.6
node_2447,91378646.9
node_2448,85062706.0
node_2449,79565467.8
node_2450,7339617.73
node_2451,12238660.8
node_2452,73757614.1
node_2453,69733871.5
node_2454,66207977.3
node_2455,16470573.4
node_2456,20616792.7
node_2457,63141937.3
node_2458,23719406.1
node_2459,60437099.5
node_2460,26397182.5
node_2461,58026245.1
node_2462,28772735.6
node_2463,55903602.6
node_2464,30925319.7
node_2465,54058368.7
node_2466,51969665.5
node_2467,120282967.0
node_2468,30093521.1
node_2469,75979042.1
node_2470,-24417360.3
node_2471,114119568.0
node_2472,99031097.4
node_2473,120893829.0
node_2474,121235428.0
node_2475,-29861957.6
node_2476,98510925.3
node_2477,-12066236.5
node_2478,-4761920.45
node_2479,89708786.0
node_2480,83649566.7
node_2481,1703717.95
node_2482,78319549.6
node_2483,8194703.1
node_2484,12993556.0
node_2485,68431022.6
node_2486,65041519.2
node_2487,62142360.7
node_2488,17092054.4
node_2489,24407844.5
node_2490,59561210.6
node_2491,27048427.6
node_2492,57167610.2
node_2493,29451343.5
node_2494,54990718.8
node_2495,31447404.9
node_2496,93683631.9
node_2497,-25578647.6
node_2498,105776627.0
node_2499,116141411.0
node_2500,116074593.0
node_2501,-16444797.5
node_2502,111313538.0
node_2503,-26232854.8
node_2504,-30044595.7
node_2505,92185806.3
node_2506,115349693.0
node_2507,54658031.5
node_2508,48570972.4
node_2509,-9915836.33
node_2510,11550795.6
node_2511,20214132.3
node_2512,40149311.1
node_2513,34185600.3
node_2514,60205871.6
node_2515,4894126.89
node_2516,69710189.8
node_2517,28640888.2
node_2518,-1434264.3
node_2519,80790985.1
node_2520,-20316665.6
node_2521,96434333.8
node_2522,-10578359.6
node_2523,106184517.0
node_2524,-3693203.69
node_2525,82140899.7
node_2526,2645761.01
node_2527,76911819.5
node_2528,72295402.5
node_2529,14187746.0
node_2530,66881393.4
node_2531,18125164.0
node_2532,63642723.1
node_2533,60732837.7
node_2534,28178295.1
node_2535,58577373.5
node_2536,21545591.4
node_2537,30750898.4
node_2538,56263904.6
node_2539,32413829.8
node_2540,-24001094.8
node_2541,-20271329.9
node_2542,73312675.5
node_2543,50661735.5
node_2544,56357929.2
node_2545,16756624.2
node_2546,2121593.24
node_2547,37388122.6
node_2548,44020237.0
node_2549,31684345.2
node_2550,9408224.11
node_2551,28002435.7
node_2552,1701395.87
node_2553,80234916.7
node_2554,-20279224.4
node_2555,-22797226.0
node_2556,103651665.0
node_2557,-17889501.6
node_2558,111714172.0
node_2559,87913436.9
node_2560,-2830858.71
node_2561,80625145.0
node_2562,3831824.54
node_2563,75507286.1
node_2564,9452327.73
node_2565,70395607.0
node_2566,19743854.5
node_2567,22986085.9
node_2568,62007877.3
node_2569,57572937.0
node_2570,33239212.0
node_2571,55363830.6
node_2572,25329446.8
node_2573,53013309.5
node_2574,34204616.5
node_2575,-19397216.8
node_2576,101765099.0
node_2577,-2569279.43
node_2578,74015098.6
node_2579,99271209.7
node_2580,51777370.5
node_2581,-12084114.1
node_2582,46185447.7
node_2583,61850887.3
node_2584,18027301.8
node_2585,21058589.9
node_2586,35701705.9
node_2587,6526965.14
node_2588,39523838.0
node_2589,34827148.4
node_2590,11608750.3
node_2591,86252624.5
node_2592,-16055389.4
node_2593,107855606.0
node_2594,-12612215.0
node_2595,67727409.4
node_2596,85947792.1
node_2597,5152020.93
node_2598,75259971.6
node_2599,11027444.8
node_2600,25844512.9
node_2601,15855997.1
node_2602,66129776.0
node_2603,21710195.5
node_2604,61653595.0
node_2605,58605846.4
node_2606,55063129.4
node_2607,54010246.3
node_2608,91575645.4
node_2609,93995468.1
node_2610,111373070.0
node_2611,49492534.6
node_2612,75444282.5
node_2613,21409763.3
node_2614,18419141.8
node_2615,43962318.4
node_2616,30984554.3
node_2617,10503181.5
node_2618,39626670.8
node_2619,85583198.5
node_2620,-4661991.6
node_2621,94402137.8
node_2622,67976242.1
node_2623,-12441613.2
node_2624,91579528.8
node_2625,79203620.9
node_2626,62950965.9
node_2627,7882162.09
node_2628,13305333.1
node_2629,71540824.9
node_2630,61482669.8
node_2631,17703901.3
node_2632,57931270.6
node_2633,54331958.8
node_2634,31653549.2
node_2635,53068901.1
node_2636,84922210.7
node_2637,46864219.7
node_2638,24782571.8
node_2639,-1551311.73
node_2640,37047596.0
node_2641,43059879.3
node_2642,2915323.02
node_2643,90751365.7
node_2644,97531150.8
node_2645,83818061.8
node_2646,-16273532.9
node_2647,73647125.2
node_2648,81652778.6
node_2649,3387474.3
node_2650,62346897.1
node_2651,76604995.7
node_2652,15513938.9
node_2653,57773342.1
node_2654,6936756.13
node_2655,11568079.0
node_2656,65813285.8
node_2657,65866836.5
node_2658,57303089.1
node_2659,16500539.8
node_2660,50091323.9
node_2661,52200641.6
node_2662,88829711.9
node_2663,80139366.1
node_2664,21281940.5
node_2665,35706165.3
node_2666,58880538.9
node_2667,81534393.3
node_2668,79557739.3
node_2669,86104278.6
node_2670,3717455.63
node_2671,19446260.5
node_2672,66141830.4
node_2673,70471351.6
node_2674,7459445.0
node_2675,16159450.5
node_2676,61386470.8
node_2677,56543003.1
node_2678,52451107.0
node_2679,29205740.0
node_2680,23793314.0
node_2681,40981666.6
node_2682,52449089.1
node_2683,48600315.1
node_2684,73895927.4
node_2685,59442325.6
node_2686,11028774.3
node_2687,11541883.5
node_2688,53512836.5
node_2689,26381933.2
node_2690,50540645.6
node_2691,62878253.9
node_2692,33779033.7
node_2693,40263603.2
node_2694,51054489.1
node_2695,35690692.9
node_2696,48861644.7
node_2697,47174034.1
node_2698,49793903.4
node_2699,33483757.0
node_2700,33220192.0
node_2701,58489631.7
node_2702,49659359.0
node_2703,38439537.0
node_2704,29674274.4
node_2705,43315189.4
node_2706,31541305.5
node_2707,44676605.2
node_2708,45437599.2
node_2709,34746151.0
node_2710,45540779.1
node_2711,42368999.5
node_2712,40081455.2
node_2713,50851921.1
node_2714,50759449.0
node_2715,42591835.0
node_2716,44403587.3
node_2717,38272567.7
node_2718,34886177.1
node_2719,51887271.9
node_2720,34964057.9
node_2721,34188278.2
node_2722,51360973.4
node_2723,32910980.2
node_2724,35712699.9
node_2725,43625381.5
node_2726,50018470.8
node_2727,48066284.2
node_2728,45975864.4
node_2729,44550888.1
node_2730,41210094.5
node_2731,36939670.6
node_2732,39233627.3
node_2733,39651630.4
node_2734,36201953.9
node_2735,47681121.8
node_2736,48839382.2
node_2737,51500125.9
node_2738,41506179.8
node_2739,49872959.1
node_2740,45115985.9
node_2741,36890499.1
node_2742,42686492.9
node_2743,41782184.6
node_2744,39266296.4
node_2745,43573986.1
node_2746,36144138.3
node_2747,39306526.2
node_2748,42681789.4
node_2749,45764804.8
node_2750,38756565.1
node_2751,47028495.8
node_2752,43784404.8
node_2753,40791030.9
node_2754,-31291818.6
node_2755,-30457347.9
node_2756,-28841474.5
node_2757,-24139820.1
node_2758,-22601665.5
node_2759,-16320583.3
node_2760,123466919.0
node_2761,122944145.0
node_2762,121106781.0
node_2763,120615631.0
node_2764,119991211.0
node_2765,116646904.0
node_2766,-11495387.1
node_2767,114725792.0
node_2768,108888618.0
node_2769,100131981.0
node_2770,96411117.6
node_2771,85974273.7
node_2772,76164573.7
node_2773,72853309.6
node_2774,65802139.3
node_2775,62595386.5
node_2776,58705604.6
node_2777,49631469.7
node_2778,37060958.9
node_2779,28736539.8
node_2780,16636564.3
node_2781,9519272.8
node_2782,1673816.2
node_2783,-6261815.55
node_2784,-36916530.6
node_2785,-9712914.47
node_2786,110137634.0
node_2787,1682054.52
node_2788,25494400.0
node_2789,37112842.6
node_2790,44265674.6
node_2791,117493340.0
node_2792,111450279.0
node_2793,108507011.0
node_2794,101215721.0
node_2795,95916229.2
node_2796,94610923.8
node_2797,90422256.5
node_2798,89360145.6
node_2799,85762718.2
node_2800,78388855.0
node_2801,69320625.3
node_2802,-3976386.55
node_2803,52595535.3
node_2804,-20506704.3
node_2805,-23327312.5
node_2806,112644638.0
node_2807,106675117.0
node_2808,-7238492.01
node_2809,72861846.9
node_2810,84205009.5
node_2811,74240799.0
node_2812,32867446.9
node_2813,24540586.5
node_2814,105340424.0
node_2815,-16183921.8
node_2816,-24210849.8
node_2817,95574615.5
node_2818,87097450.3
node_2819,-35541168.2
node_2820,-26213447.6
node_2821,-26098503.1
node_2822,89160308.8
node_2823,34858718.9
node_2824,13838443.8
node_2825,107808815.0
node_2826,7010878.56
node_2827,-9397135.73
node_2828,15563590.0
node_2829,81715774.5
node_2830,-22412324.9
node_2831,102646240.0
node_2832,87792533.9
node_2833,41425029.8
node_2834,24550186.2
node_2835,-1070271.25
node_2836,-8703977.58
node_2837,67777885.4
node_2838,-14334179.9
node_2839,46341548.9
node_2840,64174781.8
node_2841,68498146.1
node_2842,-8723862.65
node_2843,-9272835.73
node_2844,27972097.4
node_2845,51246814.7
node_2846,83363853.5
node_2847,296778.351
node_2848,-5809009.08
node_2849,-9311825.75
node_2850,36706996.9
node_2851,14903967.9
node_2852,13711517.3
node_2853,47923645.0
node_2854,41781719.2
node_2855,39049999.2
node_2856,38154464.7
node_2857,-2441469.43
node_2858,53467170.7
node_2859,59329425.8
node_2860,54616069.8
node_2861,77903602.6
node_2862,51480541.2
node_2863,-6131425.38
node_2864,-1224548.1
node_2865,33537601.5
node_2866,31605848.3
node_2867,54970230.1
node_2868,55333316.8
node_2869,69119461.1
node_2870,55056377.4
node_2871,-4313978.67
node_2872,4039222.72
node_2873,56151180.3
node_2874,7591395.85
node_2875,75104621.9
node_2876,8717086.79
node_2877,47820015.0
node_2878,53192894.0
node_2879,14689126.0
node_2880,11764202.1
node_2881,44374473.6
node_2882,19680688.9
node_2883,36185607.9
node_2884,65763031.0
node_2885,64826355.0
node_2886,56248374.9
node_2887,56960376.7
node_2888,58358943.9
node_2889,57646469.1
node_2890,29560823.4
node_2891,28628871.9
node_2892,29840404.5
node_2893,30776296.6
node_2894,42415634.2
node_2895,43153602.6
node_2896,43314624.8
node_2897,44798130.0
node_2898,43221878.1
node_2899,43521801.0
node_2900,45091495.5
node_2901,43898788.5
node_2902,38958496.1
node_2903,39799854.3
node_2904,41324214.9
node_2905,40497860.0
node_2906,15396482.5
node_2907,12534977.9
node_2908,13432886.1
node_2909,16157341.0
node_2910,7064262.39
node_2911,9786128.04
node_2912,12034822.5
node_2913,9312776.57
node_2914,35438839.0
node_2915,36266338.3
node_2916,35795730.6
node_2917,-37518558.5
node_2918,-41116638.2
node_2919,-44470779.4
node_2920,-40895500.2
node_2921,-29622966.8
node_2922,-30594509.1
node_2923,-27787019.7
node_2924,-26819683.1
node_2925,23265800.5
node_2926,21587106.7
node_2927,20044172.3
node_2928,21722820.3
node_2929,24693363.2
node_2930,26048759.5
node_2931,24620283.1
node_2932,28467618.9
node_2933,27237545.0
node_2934,27278331.8
node_2935,30583759.3
node_2936,29494493.5
node_2937,32443023.7
node_2938,31437164.3
node_2939,31591472.6
node_2940,34951770.8
node_2941,34549976.3
node_2942,34067817.7
node_2943,125556442.0
node_2944,121545952.0
node_2945,127227608.0
node_2946,131546768.0
node_2947,122156105.0
node_2948,126101791.0
node_2949,131225876.0
node_2950,116788658.0
node_2951,114558220.0
node_2952,107824394.0
node_2953,109996704.0
node_2954,119275185.0
node_2955,120696800.0
node_2956,117787445.0
node_2957,116407158.0
node_2958,124026230.0
node_2959,123673828.0
node_2960,127046295.0
node_2961,110368797.0
node_2962,110256142.0
node_2963,107317795.0
node_2964,107453697.0
node_2965,113318428.0
node_2966,114118950.0
node_2967,117493881.0
node_2968,116678238.0
node_2969,115024292.0
node_2970,111250320.0
node_2971,102502350.0
node_2972,103092712.0
node_2973,98438850.4
node_2974,97902008.1
node_2975,109554092.0
node_2976,107865082.0
node_2977,104112366.0
node_2978,100088783.0
node_2979,99074737.5
node_2980,94894882.2
node_2981,95856918.3
node_2982,92306579.6
node_2983,87912071.2
node_2984,88678794.9
node_2985,93098457.3
node_2986,81654655.5
node_2987,77903953.6
node_2988,77945648.2
node_2989,81692596.4
node_2990,58685115.8
node_2991,61022571.6
node_2992,62804122.9
node_2993,60639320.4
node_2994,71470001.2
node_2995,70859726.0
node_2996,73636581.4
node_2997,74247184.8
node_2998,21771535.9
node_2999,24163232.8
node_3000,22482248.3
node_3001,20137168.9
node_3002,-20557840.3
node_3003,-19677404.4
node_3004,-17154813.8
node_3005,-18122076.0
node_3006,-33173343.7
node_3007,-34992511.7
node_3008,-31442604.1
node_3009,-29583751.7
node_3010,-34320529.9
node_3011,-36929771.4
node_3012,-30639190.7
node_3013,-37390853.9
node_3014,-41400035.9
node_3015,-35381687.2
node_3016,-31440988.5
node_3017,-34265777.6
node_3018,-39320579.5
node_3019,-42440013.9
node_3020,-41030624.4
node_3021,-37990497.6
node_3022,-44087368.0
node_3023,50224609.4
node_3024,50909492.5
node_3025,50581584.9
node_3026,52096008.3
node_3027,51670600.9
node_3028,51343406.7
node_3029,54040908.8
node_3030,55002319.3
node_3031,54417541.5
node_3032,53453357.7
node_3033,55699482.0
node_3034,56809879.3
node_3035,56112258.9
node_3036,58905452.7
node_3037,58068718.0
node_3038,62491710.7
node_3039,64098121.6
node_3040,62927318.6
node_3041,61320949.6
node_3042,65455123.9
node_3043,67291183.5
node_3044,65934349.1
node_3045,68851730.3
node_3046,70967010.5
node_3047,69406868.0
node_3048,73415962.2
node_3049,72745697.0
node_3050,75194610.6
node_3051,83397239.7
node_3052,80048126.2
node_3053,82313629.2
node_3054,85661102.3
node_3055,119820663.0
node_3056,118785446.0
node_3057,115668045.0
node_3058,118519119.0
node_3059,118616203.0
node_3060,122551056.0
node_3061,122324303.0
node_3062,-21259143.8
node_3063,-23375637.1
node_3064,-22680755.6
node_3065,56607639.3
node_3066,56445529.9
node_3067,54309280.4
node_3068,18076763.2
node_3069,16332016.0
node_3070,18298662.2
node_3071,14352608.7
node_3072,14012084.0
node_3073,26016977.3
node_3074,28440645.2
node_3075,26613275.5
node_3076,20250255.6
node_3077,17300991.1
node_3078,18582832.3
node_3079,85588569.6
node_3080,85219375.6
node_3081,81285156.2
node_3082,34718975.1
node_3083,36982151.0
node_3084,35008350.4
node_3085,32707794.2
node_3086,43365951.5
node_3087,44736587.5
node_3088,42063953.4
node_3089,40738105.8
node_3090,43500820.2
node_3091,45567768.1
node_3092,41264770.5
node_3093,9160028.46
node_3094,11734835.6
node_3095,8386196.14
node_3096,49914733.9
node_3097,52307056.4
node_3098,51935855.9
node_3099,67579597.5
node_3100,63244232.2
node_3101,63182216.6
node_3102,67628944.4
node_3103,112296326.0
node_3104,106882675.0
node_3105,77196899.4
node_3106,78047409.1
node_3107,69549614.0
node_3108,68015090.9
node_3109,66686424.3
node_3110,70965454.1
node_3111,70996719.4
node_3112,74436767.6
node_3113,74399742.1
node_3114,91521263.1
node_3115,96639198.3
node_3116,103345451.0
node_3117,101965416.0
node_3118,97674629.2
node_3119,89405578.6
node_3120,84480445.9
node_3121,79608741.8
node_3122,80634193.4
node_3123,83391784.7
node_3124,-12775775.9
node_3125,-8409329.41
node_3126,-5251523.97
node_3127,-9631786.35
node_3128,-4559541.23
node_3129,-7223133.09
node_3130,-6260789.39
node_3131,-3518171.31
node_3132,-1526648.76
node_3133,1337729.45
node_3134,-2385406.49
node_3135,30351438.5
node_3136,30784444.8
node_3137,4785519.12
node_3138,4025095.46
node_3139,481308.746
node_3140,1217060.33
node_3141,-2486766.82
node_3142,-531539.307
node_3143,-9757695.2
node_3144,-8000982.28
node_3145,-10542095.2
node_3146,47883194.0
node_3147,47539733.9
node_3148,-28179775.2
node_3149,-32934761.0
node_3150,5271320.82
node_3151,7911450.39
node_3152,130218796.0
node_3153,127011749.0
node_3154,125606331.0
node_3155,-35314537.0
node_3156,-38748893.7
node_3157,-44828514.1
node_3158,60323886.9
node_3159,59902069.1
node_3160,21057066.0
node_3161,18852220.5
node_3162,17616661.1
node_3163,19813831.3
node_3164,70201179.5
node_3165,71749313.4
node_3166,74291252.1
node_3167,22169450.8
node_3168,23518947.6
node_3169,20373403.5
node_3170,66621650.7
node_3171,67970886.2
node_3172,25060628.9
node_3173,26230213.2
node_3174,63510002.1
node_3175,64677375.8
node_3176,60772552.5
node_3177,61788112.6
node_3178,31173175.8
node_3179,32333225.3
node_3180,33071926.1
node_3181,31917324.1
node_3182,52945224.8
node_3183,52598941.8
node_3184,61500167.8
node_3185,62217021.9
node_3186,64296173.1
node_3187,63597374.0
node_3188,32722824.1
node_3189,33396633.1
node_3190,33118263.2
node_3191,50635479.0
node_3192,50719688.4
node_3193,49060016.6
node_3194,48934921.3
node_3195,118458267.0
node_3196,120437073.0
node_3197,118722275.0
node_3198,116721405.0
node_3199,106514275.0
node_3200,99649932.9
node_3201,103585701.0
node_3202,-28208162.3
node_3203,-26491922.4
node_3204,-25184701.9
node_3205,96715744.0
node_3206,92131393.4
node_3207,94949310.3
node_3208,99519416.8
node_3209,130900864.0
node_3210,117355743.0
node_3211,120843254.0
node_3212,122654755.0
node_3213,125470352.0
node_3214,118601997.0
node_3215,113701714.0
node_3216,113723846.0
node_3217,-31034812.9
node_3218,-35264183.0
node_3219,-38540794.4
node_3220,-25518022.5
node_3221,-25494863.5
node_3222,-23409277.0
node_3223,-28191295.6
node_3224,-25143613.8
node_3225,-21690408.7
node_3226,-24043212.9
node_3227,-19354549.4
node_3228,-16989110.9
node_3229,-40097488.4
node_3230,-30658027.6
node_3231,39084247.6
node_3232,39115615.8
node_3233,-13927400.6
node_3234,-16549278.3
node_3235,-13285125.7
node_3236,29444664.0
node_3237,27907417.3
node_3238,25075798.0
node_3239,74307930.0
node_3240,74360549.9
node_3241,71351554.9
node_3242,71251129.2
node_3243,24090391.2
node_3244,22986854.6
node_3245,59996482.8
node_3246,60854259.5
node_3247,62640205.4
node_3248,59778808.6
node_3249,57633232.1
node_3250,54345325.5
node_3251,86680236.8
node_3252,82882911.7
node_3253,85030059.8
node_3254,88806106.6
node_3255,16779315.9
node_3256,10590912.8
node_3257,12613382.3
node_3258,7765160.08
node_3259,37108470.9
node_3260,38603569.0
node_3261,8811849.59
node_3262,5414130.69
node_3263,3207277.54
node_3264,6615454.2
node_3265,10514309.9
node_3266,7147500.04
node_3267,5748109.82
node_3268,9130804.06
node_3269,62143894.2
node_3270,60557395.9
node_3271,65025375.4
node_3272,67883934.0
node_3273,90891807.6
node_3274,90641723.6
node_3275,87608657.8
node_3276,87897331.2
node_3277,-16165195.5
node_3278,-19113279.3
node_3279,-14270759.6
node_3280,-11324662.2
node_3281,-43348430.6
node_3282,-37257534.0
node_3283,89570846.6
node_3284,88220977.8
node_3285,76042533.9
node_3286,78944107.1
node_3287,3881012.92
node_3288,4518050.19
node_3289,59229885.1
node_3290,66732559.2
node_3291,69084312.4
node_3292,65629531.9
node_3293,54431224.8
node_3294,54978954.3
node_3295,48320770.3
node_3296,45001823.4
node_3297,46259368.9
node_3298,49641624.5
node_3299,57386482.2
node_3300,55859718.3
node_3301,56495063.8
node_3302,58026264.2
node_3303,27579816.8
node_3304,26736282.3
node_3305,25754900.0
node_3306,52922519.7
node_3307,53300640.1
node_3308,28234409.3
node_3309,29090234.8
node_3310,57597381.6
node_3311,58359664.9
node_3312,34113609.3
node_3313,33366973.9
node_3314,34158824.9
node_3315,34929134.4
node_3316,51757762.9
node_3317,52075912.5
node_3318,52455303.2
node_3319,52947990.4
node_3320,54501426.7
node_3321,54003421.8
node_3322,50437610.6
node_3323,50801704.4
node_3324,-24945461.3
node_3325,-21366416.9
node_3326,-27680643.1
node_3327,-31362440.1
node_3328,-25286443.7
node_3329,-27666597.4
node_3330,-16409334.2
node_3331,-18474170.7
node_3332,-20312933.0
node_3333,90554763.8
node_3334,84355613.7
node_3335,117109421.0
node_3336,118081886.0
node_3337,113656700.0
node_3338,113368050.0
node_3339,121769745.0
node_3340,122218925.0
node_3341,113002090.0
node_3342,109133270.0
node_3343,109848701.0
node_3344,58327400.2
node_3345,62969516.8
node_3346,59273471.8
node_3347,59046649.9
node_3348,56704719.5
node_3349,27113067.6
node_3350,31496498.1
node_3351,30682321.5
node_3352,77785148.6
node_3353,69091194.2
node_3354,66220329.3
node_3355,49146507.3
node_3356,46395336.2
node_3357,35675064.1
node_3358,33449413.3
node_3359,70383041.4
node_3360,73054031.4
node_3361,13586212.2
node_3362,16158508.3
node_3363,15041438.1
node_3364,2171285.39
node_3365,12788393.0
node_3366,-13045314.8
node_3367,-10648955.3
node_3368,-4223227.5
node_3369,-519510.315
node_3370,104910370.0
node_3371,102404587.0
node_3372,94402664.2
node_3373,91385505.7
node_3374,111823692.0
node_3375,128275391.0
node_3376,125894203.0
node_3377,129409424.0
node_3378,-33317787.2
node_3379,104945633.0
node_3380,106825493.0
node_3381,93092063.9
node_3382,97516632.1
node_3383,-17958189.0
node_3384,80976860.0
node_3385,98327377.3
node_3386,93630806.0
node_3387,93759635.9
node_3388,-18179426.2
node_3389,-17893199.9
node_3390,-21726745.6
node_3391,-22008976.0
node_3392,74613304.1
node_3393,77588127.1
node_3394,1652241.47
node_3395,3274319.17
node_3396,22267721.2
node_3397,24113239.3
node_3398,24849206.9
node_3399,55444995.9
node_3400,56077823.6
node_3401,65144195.6
node_3402,67595481.9
node_3403,18491352.1
node_3404,14172322.3
node_3405,53524761.2
node_3406,30115022.7
node_3407,27557804.1
node_3408,29507598.9
node_3409,58273559.6
node_3410,59765785.2
node_3411,61866439.8
node_3412,60323265.1
node_3413,63587822.0
node_3414,65805259.7
node_3415,62869407.7
node_3416,31924991.6
node_3417,32972259.5
node_3418,30421928.4
node_3419,49922405.2
node_3420,51714920.0
node_3421,50997356.4
node_3422,49197670.0
node_3423,96840354.9
node_3424,94089393.6
node_3425,96762001.0
node_3426,-29162746.4
node_3427,-26340732.6
node_3428,102779877.0
node_3429,100064079.0
node_3430,95386642.5
node_3431,98046485.9
node_3432,-14195751.2
node_3433,-8505116.46
node_3434,-9650026.32
node_3435,113949173.0
node_3436,114584114.0
node_3437,-23432218.6
node_3438,-25177251.8
node_3439,-22227752.7
node_3440,-22335107.8
node_3441,-25097339.6
node_3442,-26970230.1
node_3443,-28725893.0
node_3444,77129119.9
node_3445,75881538.4
node_3446,73110488.9
node_3447,106539642.0
node_3448,105259560.0
node_3449,100968872.0
node_3450,102266182.0
node_3451,-25404842.4
node_3452,-22282499.3
node_3453,51556381.2
node_3454,-2173494.58
node_3455,-3615063.19
node_3456,-6078522.68
node_3457,22906383.5
node_3458,26596059.8
node_3459,22404115.7
node_3460,32172893.5
node_3461,3227777.0
node_3462,8204828.26
node_3463,4387875.08
node_3464,55465541.8
node_3465,42819736.5
node_3466,42759658.8
node_3467,38702911.4
node_3468,35898174.3
node_3469,35122940.1
node_3470,53512184.1
node_3471,15240791.3
node_3472,11542409.9
node_3473,180696.609
node_3474,85008590.7
node_3475,87618957.5
node_3476,85229713.4
node_3477,15026951.8
node_3478,11819227.2
node_3479,10294648.2
node_3480,13485524.2
node_3481,-217469.879
node_3482,-3325398.21
node_3483,-1158619.76
node_3484,1934391.02
node_3485,240719.055
node_3486,-4972968.1
node_3487,68584846.5
node_3488,71375091.6
node_3489,-27557687.8
node_3490,-7121662.62
node_3491,-9049510.0
node_3492,-11659897.8
node_3493,-13379987.7
node_3494,-10650994.3
node_3495,79488006.6
node_3496,-3225627.42
node_3497,507081.818
node_3498,83311744.7
node_3499,87793922.4
node_3500,78173233.0
node_3501,75480346.7
node_3502,77182266.2
node_3503,79870414.7
node_3504,59692832.9
node_3505,15929727.6
node_3506,18897035.6
node_3507,19513969.4
node_3508,55140041.4
node_3509,30150640.5
node_3510,34175079.3
node_3511,33671585.1
node_3512,55197975.2
node_3513,56783367.2
node_3514,58068016.1
node_3515,26697607.0
node_3516,35847946.2
node_3517,34670177.5
node_3518,32461288.5
node_3519,33655849.5
node_3520,18924594.9
node_3521,21400028.2
node_3522,47466693.9
node_3523,45482257.8
node_3524,45908531.2
node_3525,47878471.4
node_3526,31622167.6
node_3527,46389190.7
node_3528,46053325.7
node_3529,44477047.0
node_3530,33345417.0
node_3531,34531627.7
node_3532,-6925798.89
node_3533,-4908027.65
node_3534,-21103778.8
node_3535,109679031.0
node_3536,110250381.0
node_3537,92355323.8
node_3538,93136856.1
node_3539,97361724.9
node_3540,96592254.6
node_3541,-16959148.4
node_3542,-15226966.9
node_3543,-18212575.9
node_3544,-18207687.4
node_3545,91335472.1
node_3546,93497207.6
node_3547,55421875.0
node_3548,59786529.5
node_3549,56075397.5
node_3550,22839450.8
node_3551,26346183.8
node_3552,26288730.6
node_3553,22781496.0
node_3554,38523567.2
node_3555,37587142.9
node_3556,39559478.8
node_3557,41608348.8
node_3558,40386024.5
node_3559,43906528.5
node_3560,45067760.5
node_3561,63627319.3
node_3562,61506885.5
node_3563,63747936.2
node_3564,65889030.5
node_3565,65543632.5
node_3566,62469112.4
node_3567,64842033.4
node_3568,67942611.7
node_3569,19910463.3
node_3570,23121343.6
node_3571,23025531.8
node_3572,19851614.0
node_3573,29876718.5
node_3574,33225051.9
node_3575,32862297.1
node_3576,29521316.5
node_3577,12717769.6
node_3578,9381897.93
node_3579,6814856.05
node_3580,4333695.41
node_3581,77313293.5
node_3582,73634292.6
node_3583,4529985.43
node_3584,8227027.89
node_3585,81415809.6
node_3586,76219268.8
node_3587,78581573.5
node_3588,74850601.2
node_3589,77208610.5
node_3590,81074226.4
node_3591,80477439.9
node_3592,74057220.5
node_3593,-6075293.06
node_3594,-6710996.15
node_3595,-10266408.9
node_3596,-9101495.74
node_3597,-12710829.7
node_3598,104920494.0
node_3599,104244659.0
node_3600,109199196.0
node_3601,109097397.0
node_3602,91098892.2
node_3603,83299240.1
node_3604,86936203.0
node_3605,-9971994.4
node_3606,-6075619.7
node_3607,72906044.0
node_3608,3615639.45
node_3609,5539261.34
node_3610,7792581.08
node_3611,5887664.32
node_3612,71097862.2
node_3613,70888366.7
node_3614,11067715.6
node_3615,8525942.8
node_3616,68063552.9
node_3617,68828537.0
node_3618,71016876.2
node_3619,17811077.1
node_3620,59725055.7
node_3621,32002365.1
node_3622,33714454.7
node_3623,29936843.9
node_3624,52639389.0
node_3625,53581214.9
node_3626,54262317.7
node_3627,24351699.8
node_3628,26939960.5
node_3629,52164192.2
node_3630,50920406.3
node_3631,49373710.6
node_3632,49842624.7
node_3633,51378116.6
node_3634,34511608.1
node_3635,35914413.5
node_3636,36302875.5
node_3637,-14430576.3
node_3638,-14438932.4
node_3639,-1773624.9
node_3640,-2924566.98
node_3641,2529090.88
node_3642,6734021.19
node_3643,4932416.92
node_3644,68101265.0
node_3645,70859680.2
node_3646,84029251.1
node_3647,82265792.8
node_3648,103284065.0
node_3649,92971069.3
node_3650,88810928.3
node_3651,51239307.4
node_3652,50748935.7
node_3653,47838966.4
node_3654,53161861.4
node_3655,-18341400.1
node_3656,-14097524.6
node_3657,41711288.5
node_3658,16850250.2
node_3659,19811363.2
node_3660,20837715.1
node_3661,37390945.4
node_3662,36886196.1
node_3663,16648725.5
node_3664,18713920.6
node_3665,15469039.9
node_3666,40677745.8
node_3667,56135829.9
node_3668,54666286.5
node_3669,29499675.8
node_3670,26251817.7
node_3671,19679559.7
node_3672,22954580.3
node_3673,16986877.4
node_3674,16789808.3
node_3675,92050720.2
node_3676,87955101.0
node_3677,87226333.6
node_3678,94523155.2
node_3679,99640548.7
node_3680,-3117851.5
node_3681,-3634191.27
node_3682,-7253337.86
node_3683,74514106.8
node_3684,78570747.4
node_3685,80977027.9
node_3686,76926475.5
node_3687,64989791.9
node_3688,62800743.1
node_3689,67759132.4
node_3690,-308788.3
node_3691,967907.104
node_3692,3263906.48
node_3693,1963400.96
node_3694,73509674.1
node_3695,10968776.7
node_3696,8337940.22
node_3697,9878047.94
node_3698,12471301.1
node_3699,83610572.8
node_3700,83652107.2
node_3701,23769403.5
node_3702,14603761.7
node_3703,14329631.8
node_3704,46023277.3
node_3705,48781787.9
node_3706,43485977.2
node_3707,47316047.7
node_3708,44734287.3
node_3709,53549743.7
node_3710,30402357.1
node_3711,33703365.3
node_3712,34737216.9
node_3713,31486272.8
node_3714,45223079.7
node_3715,46021976.5
node_3716,44780986.8
node_3717,87467216.5
node_3718,88425666.8
node_3719,91404495.2
node_3720,104709602.0
node_3721,86304763.8
node_3722,82662445.1
node_3723,83831314.1
node_3724,71452751.2
node_3725,41289375.3
node_3726,39400169.4
node_3727,65899108.9
node_3728,63687641.1
node_3729,62055671.7
node_3730,64297882.1
node_3731,57057128.9
node_3732,55084106.4
node_3733,56200855.3
node_3734,58274429.3
node_3735,13006025.3
node_3736,13729955.7
node_3737,11262591.4
node_3738,13548280.7
node_3739,12176668.2
node_3740,38399383.5
node_3741,35891078.9
node_3742,15064576.1
node_3743,13308962.8
node_3744,11669878.0
node_3745,13513185.5
node_3746,9577112.2
node_3747,10792430.9
node_3748,8965862.27
node_3749,32551292.4
node_3750,35251815.8
node_3751,36366680.1
node_3752,74497795.1
node_3753,72790779.1
node_3754,69857185.4
node_3755,71562210.1
node_3756,81849777.2
node_3757,82652870.2
node_3758,86380065.9
node_3759,85540077.2
node_3760,-588276.733
node_3761,84871101.4
node_3762,81425346.4
node_3763,90237510.7
node_3764,95704948.4
node_3765,1461970.45
node_3766,-2629141.33
node_3767,-10880700.1
node_3768,-7866211.89
node_3769,-7773105.62
node_3770,74090011.6
node_3771,77907981.9
node_3772,60992881.8
node_3773,6975796.7
node_3774,4566550.73
node_3775,15500399.6
node_3776,12117551.8
node_3777,65993743.9
node_3778,68207199.1
node_3779,71055229.2
node_3780,78949455.3
node_3781,75880722.0
node_3782,73773025.5
node_3783,65279373.2
node_3784,61443065.6
node_3785,22656068.8
node_3786,26806331.6
node_3787,27744577.4
node_3788,57614662.2
node_3789,59379894.3
node_3790,60639617.9
node_3791,58968784.3
node_3792,62830265.0
node_3793,64509162.9
node_3794,11510225.3
node_3795,15780265.8
node_3796,51786392.2
node_3797,53922550.2
node_3798,52797557.8
node_3799,50671260.8
node_3800,30732149.1
node_3801,51966152.2
node_3802,37614631.7
node_3803,39430267.3
node_3804,37724391.9
node_3805,84402587.9
node_3806,86098297.1
node_3807,89179771.4
node_3808,84797355.7
node_3809,26409898.8
node_3810,32297672.3
node_3811,-14328470.2
node_3812,-10982667.0
node_3813,42040832.5
node_3814,39174804.7
node_3815,45580062.9
node_3816,44341754.9
node_3817,47559097.3
node_3818,48785259.2
node_3819,51171726.2
node_3820,48777492.5
node_3821,49719303.1
node_3822,7171045.3
node_3823,5509106.16
node_3824,89675247.2
node_3825,100090431.0
node_3826,79132812.5
node_3827,67439483.6
node_3828,69853508.0
node_3829,66923675.5
node_3830,88726211.5
node_3831,78648513.8
node_3832,77243759.2
node_3833,1358985.42
node_3834,-1282829.76
node_3835,1014307.98
node_3836,17487369.5
node_3837,20351226.8
node_3838,18596481.3
node_3839,21532997.1
node_3840,53562515.3
node_3841,51085487.4
node_3842,60844673.2
node_3843,59149055.5
node_3844,7517105.58
node_3845,3569183.59
node_3846,53737079.6
node_3847,56953006.7
node_3848,58968193.1
node_3849,55392128.0
node_3850,52916732.8
node_3851,54451786.0
node_3852,18005321.5
node_3853,18060787.2
node_3854,21575172.4
node_3855,32656181.3
node_3856,36083427.4
node_3857,37279300.7
node_3858,33878624.0
node_3859,50323505.4
node_3860,67729728.7
node_3861,27865259.2
node_3862,23941228.9
node_3863,27010698.3
node_3864,29782781.6
node_3865,25093555.5
node_3866,45504543.3
node_3867,42792224.9
node_3868,60790889.7
node_3869,80543037.4
node_3870,81549812.3
node_3871,15669068.3
node_3872,75865158.1
node_3873,9472809.79
node_3874,44965076.4
node_3875,42844390.9
node_3876,40636440.3
node_3877,53366687.8
node_3878,55683155.1
node_3879,53405464.2
node_3880,51995075.2
node_3881,57861450.2
node_3882,47144439.7
node_3883,44428642.3
node_3884,48388820.6
node_3885,54264442.4
node_3886,54165336.6
node_3887,51323440.6
node_3888,51443500.5
node_3889,37895866.4
node_3890,39265514.4
node_3891,43552520.8
node_3892,43630485.5
node_3893,45395282.7
node_3894,48619525.9
node_3895,57900707.2
node_3896,57561531.1
node_3897,54952823.6
node_3898,56795856.5
node_3899,29034606.9
node_3900,51717479.7
node_3901,50555999.8
node_3902,49641292.6
node_3903,48026069.6
node_3904,52133266.4
node_3905,40875846.9
node_3906,49429962.2
node_3907,46330421.4
node_3908,48737052.9
node_3909,47016380.3
node_3910,42779659.3
node_3911,41713382.7
node_3912,37508255.0
node_3913,34909805.3
node_3914,35934909.8
node_3915,36890735.6
node_3916,56362129.2
node_3917,52022007.0
node_3918,30601545.3
node_3919,43987834.9
node_3920,43563869.5
node_3921,41585174.6
node_3922,41232120.5
node_3923,35552440.6
node_3924,32331600.2
node_3925,41108943.9
node_3926,41008560.2
node_3927,38937999.7
node_3928,39095043.2
node_3929,38051464.1
node_3930,45514576.0
node_3931,47561759.9
node_3932,46995048.5
node_3933,51939994.8
node_3934,35261985.8
node_3935,36608463.3
node_3936,38096160.9
node_3937,39416542.1
node_3938,48261928.6
node_3939,41468048.1
node_3940,42713100.4
node_3941,43150573.7
node_3942,41940361.0
node_3943,47751903.5
node_3944,35794567.1
node_3945,36793056.5
node_3946,49352008.8
node_3947,36166591.6
node_3948,35226036.1
node_3949,33850624.1
node_3950,44094718.9
node_3951,41101329.8
node_3952,44085544.6
node_3953,40262863.2
node_3954,38044426.0
node_3955,39264549.3
node_3956,38418541.0
node_3957,37714424.1
node_3958,36489639.3
node_3959,37215847.0
node_3960,42093006.1
node_3961,42042968.8
node_3962,46731384.3
node_3963,44364486.7
node_3964,40099479.7
node_3965,40440944.7
node_3966,38678504.9
node_3967,47929306.0
node_3968,-32664020.5
node_3969,121902611.0
node_3970,121505379.0
node_3971,123824272.0
node_3972,114143600.0
node_3973,111985886.0
node_3974,-8683181.76
node_3975,111406464.0
node_3976,112926674.0
node_3977,77727233.9
node_3978,64184036.3
node_3979,65216331.5
node_3980,17432056.4
node_3981,-13277492.5
node_3982,-10603026.4
node_3983,109998444.0
node_3984,106905525.0
node_3985,93125068.7
node_3986,89365570.1
node_3987,-22964996.3
node_3988,-22006347.7
node_3989,-19401294.7
node_3990,-22462657.9
node_3991,-24588100.4
node_3992,108256477.0
node_3993,-10601798.1
node_3994,-5264026.17
node_3995,-7642766.95
node_3996,-5088018.42
node_3997,-5592885.97
node_3998,-4353672.03
node_3999,-2742764.47
node_4000,-1867401.72
node_4001,14884028.4
